index,transaction_date,owner,ticker,asset_description,asset_type,type,amount,comment,senator,ptr_link,disclosure_date,date,cost
737,08/21/2020,Spouse,LDP,Cohen &amp; Steers Limited Duration Preferred and Inco,Stock,Purchase,"$1,001 - $15,000",--,Thomas R Carper,https://efdsearch.senate.gov/search/view/ptr/f0b85f0f-b240-40da-b15e-0caf27b58e1a/,09/01/2020,2020-08-21,15000.0
739,08/21/2020,Spouse,TCEHY,Tencent Holdings Limited,Stock,Sale (Partial),"$1,001 - $15,000",--,Thomas R Carper,https://efdsearch.senate.gov/search/view/ptr/f0b85f0f-b240-40da-b15e-0caf27b58e1a/,09/01/2020,2020-08-21,15000.0
740,08/21/2020,Spouse,ARE,"Alexandria Real Estate Equities, Inc.",Stock,Sale (Partial),"$1,001 - $15,000",--,Thomas R Carper,https://efdsearch.senate.gov/search/view/ptr/f0b85f0f-b240-40da-b15e-0caf27b58e1a/,09/01/2020,2020-08-21,15000.0
741,08/21/2020,Spouse,CONE,CyrusOne Inc.,Stock,Sale (Partial),"$1,001 - $15,000",--,Thomas R Carper,https://efdsearch.senate.gov/search/view/ptr/f0b85f0f-b240-40da-b15e-0caf27b58e1a/,09/01/2020,2020-08-21,15000.0
744,08/06/2020,Spouse,LDP,Cohen &amp; Steers Limited Duration Preferred and Inco,Stock,Purchase,"$1,001 - $15,000",--,Thomas R Carper,https://efdsearch.senate.gov/search/view/ptr/f0b85f0f-b240-40da-b15e-0caf27b58e1a/,09/01/2020,2020-08-06,15000.0
804,12/05/2019,Spouse,LGI,"LOR Lazard World Dividend and Income Fund (Exchanged) <br> Lazard Global Total Return and Income Fund, Inc. (Received)",Stock,Exchange,"$1,001 - $15,000",--,Thomas R Carper,https://efdsearch.senate.gov/search/view/ptr/1fddad5d-761e-48ac-8289-a7d72735d85f/,08/13/2020,2019-12-05,15000.0
805,02/27/2019,Spouse,WW,"WW International, Inc.",Stock,Purchase,"$1,001 - $15,000",--,Thomas R Carper,https://efdsearch.senate.gov/search/view/ptr/1fddad5d-761e-48ac-8289-a7d72735d85f/,08/13/2020,2019-02-27,15000.0
856,07/09/2020,Spouse,C,Citigroup Inc.,Stock,Purchase,"$1,001 - $15,000",--,Thomas R Carper,https://efdsearch.senate.gov/search/view/ptr/5345c140-beaa-43fa-af51-d269c1ef9eff/,08/04/2020,2020-07-09,15000.0
857,07/09/2020,Spouse,QCOM,QUALCOMM Incorporated,Stock,Sale (Partial),"$1,001 - $15,000",--,Thomas R Carper,https://efdsearch.senate.gov/search/view/ptr/5345c140-beaa-43fa-af51-d269c1ef9eff/,08/04/2020,2020-07-09,15000.0
858,07/09/2020,Spouse,RMD,ResMed Inc.,Stock,Sale (Partial),"$1,001 - $15,000",--,Thomas R Carper,https://efdsearch.senate.gov/search/view/ptr/5345c140-beaa-43fa-af51-d269c1ef9eff/,08/04/2020,2020-07-09,15000.0
859,07/09/2020,Spouse,OHI,"Omega Healthcare Investors, Inc.",Stock,Sale (Full),"$1,001 - $15,000",--,Thomas R Carper,https://efdsearch.senate.gov/search/view/ptr/5345c140-beaa-43fa-af51-d269c1ef9eff/,08/04/2020,2020-07-09,15000.0
860,07/09/2020,Spouse,ARCC,Ares Capital Corporation,Stock,Sale (Partial),"$1,001 - $15,000",--,Thomas R Carper,https://efdsearch.senate.gov/search/view/ptr/5345c140-beaa-43fa-af51-d269c1ef9eff/,08/04/2020,2020-07-09,15000.0
861,07/09/2020,Spouse,LMT,Lockheed Martin Corporation,Stock,Purchase,"$1,001 - $15,000",--,Thomas R Carper,https://efdsearch.senate.gov/search/view/ptr/5345c140-beaa-43fa-af51-d269c1ef9eff/,08/04/2020,2020-07-09,15000.0
862,07/09/2020,Spouse,WIW,Western Asset Inflation-Linked Opportunities &amp; Inc,Stock,Purchase,"$1,001 - $15,000",--,Thomas R Carper,https://efdsearch.senate.gov/search/view/ptr/5345c140-beaa-43fa-af51-d269c1ef9eff/,08/04/2020,2020-07-09,15000.0
864,07/09/2020,Spouse,NVDA,NVIDIA Corporation,Stock,Sale (Partial),"$1,001 - $15,000",--,Thomas R Carper,https://efdsearch.senate.gov/search/view/ptr/5345c140-beaa-43fa-af51-d269c1ef9eff/,08/04/2020,2020-07-09,15000.0
865,07/09/2020,Spouse,AXS,AXIS Capital Holdings Limited,Stock,Purchase,"$1,001 - $15,000",--,Thomas R Carper,https://efdsearch.senate.gov/search/view/ptr/5345c140-beaa-43fa-af51-d269c1ef9eff/,08/04/2020,2020-07-09,15000.0
866,07/09/2020,Spouse,MPW,"Medical Properties Trust, Inc.",Stock,Sale (Full),"$1,001 - $15,000",--,Thomas R Carper,https://efdsearch.senate.gov/search/view/ptr/5345c140-beaa-43fa-af51-d269c1ef9eff/,08/04/2020,2020-07-09,15000.0
867,07/09/2020,Spouse,GLAD,Gladstone Capital Corporation,Stock,Sale (Partial),"$1,001 - $15,000",--,Thomas R Carper,https://efdsearch.senate.gov/search/view/ptr/5345c140-beaa-43fa-af51-d269c1ef9eff/,08/04/2020,2020-07-09,15000.0
868,07/09/2020,Spouse,MANT,ManTech International Corporation,Stock,Purchase,"$1,001 - $15,000",--,Thomas R Carper,https://efdsearch.senate.gov/search/view/ptr/5345c140-beaa-43fa-af51-d269c1ef9eff/,08/04/2020,2020-07-09,15000.0
869,07/09/2020,Spouse,SWKS,"Skyworks Solutions, Inc.",Stock,Sale (Partial),"$1,001 - $15,000",--,Thomas R Carper,https://efdsearch.senate.gov/search/view/ptr/5345c140-beaa-43fa-af51-d269c1ef9eff/,08/04/2020,2020-07-09,15000.0
870,07/09/2020,Spouse,HASI,Hannon Armstrong Sustainable Infrastructure Capita,Stock,Sale (Partial),"$1,001 - $15,000",--,Thomas R Carper,https://efdsearch.senate.gov/search/view/ptr/5345c140-beaa-43fa-af51-d269c1ef9eff/,08/04/2020,2020-07-09,15000.0
873,07/09/2020,Spouse,ABBV,AbbVie Inc.,Stock,Sale (Partial),"$1,001 - $15,000",--,Thomas R Carper,https://efdsearch.senate.gov/search/view/ptr/5345c140-beaa-43fa-af51-d269c1ef9eff/,08/04/2020,2020-07-09,15000.0
878,07/09/2020,Spouse,LMRK,Landmark Infrastructure Partners LP,Stock,Purchase,"$1,001 - $15,000",--,Thomas R Carper,https://efdsearch.senate.gov/search/view/ptr/5345c140-beaa-43fa-af51-d269c1ef9eff/,08/04/2020,2020-07-09,15000.0
879,07/09/2020,Spouse,AY,Atlantica Sustainable Infrastructure plc,Stock,Purchase,"$1,001 - $15,000",--,Thomas R Carper,https://efdsearch.senate.gov/search/view/ptr/5345c140-beaa-43fa-af51-d269c1ef9eff/,08/04/2020,2020-07-09,15000.0
881,07/09/2020,Spouse,IRM,Iron Mountain Incorporated,Stock,Purchase,"$1,001 - $15,000",--,Thomas R Carper,https://efdsearch.senate.gov/search/view/ptr/5345c140-beaa-43fa-af51-d269c1ef9eff/,08/04/2020,2020-07-09,15000.0
882,07/09/2020,Spouse,LHX,"L3Harris Technologies, Inc.",Stock,Purchase,"$1,001 - $15,000",--,Thomas R Carper,https://efdsearch.senate.gov/search/view/ptr/5345c140-beaa-43fa-af51-d269c1ef9eff/,08/04/2020,2020-07-09,15000.0
883,07/09/2020,Spouse,APO,"Apollo Global Management, Inc.",Stock,Sale (Partial),"$1,001 - $15,000",--,Thomas R Carper,https://efdsearch.senate.gov/search/view/ptr/5345c140-beaa-43fa-af51-d269c1ef9eff/,08/04/2020,2020-07-09,15000.0
884,07/09/2020,Spouse,AAPL,Apple Inc.,Stock,Sale (Partial),"$1,001 - $15,000",--,Thomas R Carper,https://efdsearch.senate.gov/search/view/ptr/5345c140-beaa-43fa-af51-d269c1ef9eff/,08/04/2020,2020-07-09,15000.0
885,07/09/2020,Spouse,PFE,Pfizer Inc.,Stock,Purchase,"$1,001 - $15,000",--,Thomas R Carper,https://efdsearch.senate.gov/search/view/ptr/5345c140-beaa-43fa-af51-d269c1ef9eff/,08/04/2020,2020-07-09,15000.0
886,07/09/2020,Spouse,TSN,"Tyson Foods, Inc.",Stock,Sale (Full),"$1,001 - $15,000",--,Thomas R Carper,https://efdsearch.senate.gov/search/view/ptr/5345c140-beaa-43fa-af51-d269c1ef9eff/,08/04/2020,2020-07-09,15000.0
887,07/08/2020,Spouse,TCEHY,Tencent Holdings Limited,Stock,Sale (Partial),"$1,001 - $15,000",--,Thomas R Carper,https://efdsearch.senate.gov/search/view/ptr/5345c140-beaa-43fa-af51-d269c1ef9eff/,08/04/2020,2020-07-08,15000.0
888,07/07/2020,Spouse,WIW,Western Asset Inflation-Linked Opportunities &amp; Inc,Stock,Purchase,"$1,001 - $15,000",--,Thomas R Carper,https://efdsearch.senate.gov/search/view/ptr/5345c140-beaa-43fa-af51-d269c1ef9eff/,08/04/2020,2020-07-07,15000.0
1288,04/14/2020,Spouse,PYPL,"PayPal Holdings, Inc.",Stock,Purchase,"$1,001 - $15,000",--,Thomas R Carper,https://efdsearch.senate.gov/search/view/ptr/a1c431fc-093e-4ace-8f0a-4f2ae481556d/,05/04/2020,2020-04-14,15000.0
1289,04/14/2020,Spouse,CVS,CVS Health Corporation,Stock,Purchase,"$1,001 - $15,000",--,Thomas R Carper,https://efdsearch.senate.gov/search/view/ptr/a1c431fc-093e-4ace-8f0a-4f2ae481556d/,05/04/2020,2020-04-14,15000.0
1290,04/14/2020,Spouse,SWKS,"Skyworks Solutions, Inc.",Stock,Purchase,"$1,001 - $15,000",--,Thomas R Carper,https://efdsearch.senate.gov/search/view/ptr/a1c431fc-093e-4ace-8f0a-4f2ae481556d/,05/04/2020,2020-04-14,15000.0
1292,04/14/2020,Spouse,CEF,Sprott Physical Gold and Silver Trust,Stock,Purchase,"$1,001 - $15,000",--,Thomas R Carper,https://efdsearch.senate.gov/search/view/ptr/a1c431fc-093e-4ace-8f0a-4f2ae481556d/,05/04/2020,2020-04-14,15000.0
1293,04/14/2020,Spouse,DIS,The Walt Disney Company,Stock,Purchase,"$1,001 - $15,000",--,Thomas R Carper,https://efdsearch.senate.gov/search/view/ptr/a1c431fc-093e-4ace-8f0a-4f2ae481556d/,05/04/2020,2020-04-14,15000.0
1300,04/02/2020,Spouse,CEF,Sprott Physical Gold and Silver Trust,Stock,Purchase,"$1,001 - $15,000",--,Thomas R Carper,https://efdsearch.senate.gov/search/view/ptr/a1c431fc-093e-4ace-8f0a-4f2ae481556d/,05/04/2020,2020-04-02,15000.0
1310,04/02/2020,Spouse,FPL,First Trust New Opportunities MLP &amp; Energy Fund,Stock,Sale (Full),"$1,001 - $15,000",--,Thomas R Carper,https://efdsearch.senate.gov/search/view/ptr/a1c431fc-093e-4ace-8f0a-4f2ae481556d/,05/04/2020,2020-04-02,15000.0
1315,04/02/2020,Spouse,DRI,"Darden Restaurants, Inc.",Stock,Sale (Full),"$1,001 - $15,000",--,Thomas R Carper,https://efdsearch.senate.gov/search/view/ptr/a1c431fc-093e-4ace-8f0a-4f2ae481556d/,05/04/2020,2020-04-02,15000.0
1316,04/02/2020,Spouse,QCOM,QUALCOMM Incorporated,Stock,Purchase,"$1,001 - $15,000",--,Thomas R Carper,https://efdsearch.senate.gov/search/view/ptr/a1c431fc-093e-4ace-8f0a-4f2ae481556d/,05/04/2020,2020-04-02,15000.0
1317,04/02/2020,Spouse,RMD,ResMed Inc.,Stock,Sale (Partial),"$1,001 - $15,000",--,Thomas R Carper,https://efdsearch.senate.gov/search/view/ptr/a1c431fc-093e-4ace-8f0a-4f2ae481556d/,05/04/2020,2020-04-02,15000.0
1318,04/02/2020,Spouse,SBUX,Starbucks Corporation,Stock,Purchase,"$1,001 - $15,000",--,Thomas R Carper,https://efdsearch.senate.gov/search/view/ptr/a1c431fc-093e-4ace-8f0a-4f2ae481556d/,05/04/2020,2020-04-02,15000.0
1319,04/02/2020,Spouse,ARCC,Ares Capital Corporation,Stock,Purchase,"$1,001 - $15,000",--,Thomas R Carper,https://efdsearch.senate.gov/search/view/ptr/a1c431fc-093e-4ace-8f0a-4f2ae481556d/,05/04/2020,2020-04-02,15000.0
1320,04/02/2020,Spouse,CVS,CVS Health Corporation,Stock,Purchase,"$1,001 - $15,000",--,Thomas R Carper,https://efdsearch.senate.gov/search/view/ptr/a1c431fc-093e-4ace-8f0a-4f2ae481556d/,05/04/2020,2020-04-02,15000.0
1321,04/02/2020,Spouse,DGX,Quest Diagnostics Incorporated,Stock,Purchase,"$1,001 - $15,000",--,Thomas R Carper,https://efdsearch.senate.gov/search/view/ptr/a1c431fc-093e-4ace-8f0a-4f2ae481556d/,05/04/2020,2020-04-02,15000.0
1323,04/02/2020,Spouse,ARE,"Alexandria Real Estate Equities, Inc.",Stock,Purchase,"$1,001 - $15,000",--,Thomas R Carper,https://efdsearch.senate.gov/search/view/ptr/a1c431fc-093e-4ace-8f0a-4f2ae481556d/,05/04/2020,2020-04-02,15000.0
1324,04/02/2020,Spouse,LGI,"Lazard Global Total Return and Income Fund, Inc.",Stock,Sale (Full),"$1,001 - $15,000",--,Thomas R Carper,https://efdsearch.senate.gov/search/view/ptr/a1c431fc-093e-4ace-8f0a-4f2ae481556d/,05/04/2020,2020-04-02,15000.0
1325,04/02/2020,Spouse,PKG,Packaging Corporation of America,Stock,Sale (Full),"$1,001 - $15,000",--,Thomas R Carper,https://efdsearch.senate.gov/search/view/ptr/a1c431fc-093e-4ace-8f0a-4f2ae481556d/,05/04/2020,2020-04-02,15000.0
1326,04/02/2020,Spouse,MET,"MetLife, Inc.",Stock,Purchase,"$1,001 - $15,000",--,Thomas R Carper,https://efdsearch.senate.gov/search/view/ptr/a1c431fc-093e-4ace-8f0a-4f2ae481556d/,05/04/2020,2020-04-02,15000.0
1328,04/02/2020,Spouse,RTN,Raytheon Company,Stock,Purchase,"$1,001 - $15,000",--,Thomas R Carper,https://efdsearch.senate.gov/search/view/ptr/a1c431fc-093e-4ace-8f0a-4f2ae481556d/,05/04/2020,2020-04-02,15000.0
1329,04/02/2020,Spouse,GLAD,Gladstone Capital Corporation,Stock,Purchase,"$1,001 - $15,000",--,Thomas R Carper,https://efdsearch.senate.gov/search/view/ptr/a1c431fc-093e-4ace-8f0a-4f2ae481556d/,05/04/2020,2020-04-02,15000.0
1330,04/02/2020,Spouse,SWKS,"Skyworks Solutions, Inc.",Stock,Purchase,"$1,001 - $15,000",--,Thomas R Carper,https://efdsearch.senate.gov/search/view/ptr/a1c431fc-093e-4ace-8f0a-4f2ae481556d/,05/04/2020,2020-04-02,15000.0
1331,04/02/2020,Spouse,CEF,Sprott Physical Gold and Silver Trust,Stock,Purchase,"$1,001 - $15,000",--,Thomas R Carper,https://efdsearch.senate.gov/search/view/ptr/a1c431fc-093e-4ace-8f0a-4f2ae481556d/,05/04/2020,2020-04-02,15000.0
1334,04/02/2020,Spouse,CFG,"Citizens Financial Group, Inc.",Stock,Sale (Full),"$1,001 - $15,000",--,Thomas R Carper,https://efdsearch.senate.gov/search/view/ptr/a1c431fc-093e-4ace-8f0a-4f2ae481556d/,05/04/2020,2020-04-02,15000.0
1335,04/02/2020,Spouse,TCEHY,Tencent Holdings Limited,Stock,Sale (Partial),"$1,001 - $15,000",--,Thomas R Carper,https://efdsearch.senate.gov/search/view/ptr/a1c431fc-093e-4ace-8f0a-4f2ae481556d/,05/04/2020,2020-04-02,15000.0
1336,04/02/2020,Spouse,MPC,Marathon Petroleum Corporation,Stock,Sale (Full),"$1,001 - $15,000",--,Thomas R Carper,https://efdsearch.senate.gov/search/view/ptr/a1c431fc-093e-4ace-8f0a-4f2ae481556d/,05/04/2020,2020-04-02,15000.0
1340,04/02/2020,Spouse,KNX,Knight-Swift Transportation Holdings Inc.,Stock,Sale (Full),"$1,001 - $15,000",--,Thomas R Carper,https://efdsearch.senate.gov/search/view/ptr/a1c431fc-093e-4ace-8f0a-4f2ae481556d/,05/04/2020,2020-04-02,15000.0
1341,04/02/2020,Spouse,CB,Chubb Limited,Stock,Sale (Full),"$1,001 - $15,000",--,Thomas R Carper,https://efdsearch.senate.gov/search/view/ptr/a1c431fc-093e-4ace-8f0a-4f2ae481556d/,05/04/2020,2020-04-02,15000.0
1343,04/02/2020,Spouse,IRM,Iron Mountain Incorporated,Stock,Sale (Partial),"$1,001 - $15,000",--,Thomas R Carper,https://efdsearch.senate.gov/search/view/ptr/a1c431fc-093e-4ace-8f0a-4f2ae481556d/,05/04/2020,2020-04-02,15000.0
1344,04/02/2020,Spouse,HPQ,HP Inc.,Stock,Sale (Full),"$1,001 - $15,000",--,Thomas R Carper,https://efdsearch.senate.gov/search/view/ptr/a1c431fc-093e-4ace-8f0a-4f2ae481556d/,05/04/2020,2020-04-02,15000.0
1345,04/02/2020,Spouse,LHX,"L3Harris Technologies, Inc.",Stock,Purchase,"$1,001 - $15,000",--,Thomas R Carper,https://efdsearch.senate.gov/search/view/ptr/a1c431fc-093e-4ace-8f0a-4f2ae481556d/,05/04/2020,2020-04-02,15000.0
1346,04/02/2020,Spouse,APO,"Apollo Global Management, Inc.",Stock,Purchase,"$1,001 - $15,000",--,Thomas R Carper,https://efdsearch.senate.gov/search/view/ptr/a1c431fc-093e-4ace-8f0a-4f2ae481556d/,05/04/2020,2020-04-02,15000.0
1347,04/02/2020,Spouse,CAG,"Conagra Brands, Inc.",Stock,Sale (Partial),"$1,001 - $15,000",--,Thomas R Carper,https://efdsearch.senate.gov/search/view/ptr/a1c431fc-093e-4ace-8f0a-4f2ae481556d/,05/04/2020,2020-04-02,15000.0
1348,04/02/2020,Spouse,GLW,Corning Incorporated,Stock,Purchase,"$1,001 - $15,000",--,Thomas R Carper,https://efdsearch.senate.gov/search/view/ptr/a1c431fc-093e-4ace-8f0a-4f2ae481556d/,05/04/2020,2020-04-02,15000.0
1349,04/02/2020,Spouse,FITB,Fifth Third Bancorp,Stock,Sale (Full),"$1,001 - $15,000",--,Thomas R Carper,https://efdsearch.senate.gov/search/view/ptr/a1c431fc-093e-4ace-8f0a-4f2ae481556d/,05/04/2020,2020-04-02,15000.0
1350,04/02/2020,Spouse,MSFT,Microsoft Corporation,Stock,Sale (Partial),"$1,001 - $15,000",--,Thomas R Carper,https://efdsearch.senate.gov/search/view/ptr/a1c431fc-093e-4ace-8f0a-4f2ae481556d/,05/04/2020,2020-04-02,15000.0
1351,04/02/2020,Spouse,NVO,Novo Nordisk A/S,Stock,Purchase,"$1,001 - $15,000",--,Thomas R Carper,https://efdsearch.senate.gov/search/view/ptr/a1c431fc-093e-4ace-8f0a-4f2ae481556d/,05/04/2020,2020-04-02,15000.0
1352,04/02/2020,Spouse,PEP,"PepsiCo, Inc.",Stock,Purchase,"$1,001 - $15,000",--,Thomas R Carper,https://efdsearch.senate.gov/search/view/ptr/a1c431fc-093e-4ace-8f0a-4f2ae481556d/,05/04/2020,2020-04-02,15000.0
1353,04/02/2020,Spouse,TSN,"Tyson Foods, Inc.",Stock,Purchase,"$1,001 - $15,000",--,Thomas R Carper,https://efdsearch.senate.gov/search/view/ptr/a1c431fc-093e-4ace-8f0a-4f2ae481556d/,05/04/2020,2020-04-02,15000.0
1691,03/24/2020,Spouse,VZ,Verizon Communications Inc.,Stock,Purchase,"$1,001 - $15,000",--,Thomas R Carper,https://efdsearch.senate.gov/search/view/ptr/6beec58d-0b48-4346-9d9e-2f4cb6e88264/,04/01/2020,2020-03-24,15000.0
1693,03/23/2020,Spouse,CEF,Sprott Physical Gold and Silver Trust,Stock,Purchase,"$1,001 - $15,000",--,Thomas R Carper,https://efdsearch.senate.gov/search/view/ptr/6beec58d-0b48-4346-9d9e-2f4cb6e88264/,04/01/2020,2020-03-23,15000.0
1694,03/27/2020,Spouse,DIS,The Walt Disney Company,Stock,Purchase,"$1,001 - $15,000",--,Thomas R Carper,https://efdsearch.senate.gov/search/view/ptr/6beec58d-0b48-4346-9d9e-2f4cb6e88264/,04/01/2020,2020-03-27,15000.0
1695,03/27/2020,Spouse,SWKS,"Skyworks Solutions, Inc.",Stock,Purchase,"$1,001 - $15,000",--,Thomas R Carper,https://efdsearch.senate.gov/search/view/ptr/6beec58d-0b48-4346-9d9e-2f4cb6e88264/,04/01/2020,2020-03-27,15000.0
1696,03/27/2020,Spouse,CVS,CVS Health Corporation,Stock,Purchase,"$1,001 - $15,000",--,Thomas R Carper,https://efdsearch.senate.gov/search/view/ptr/6beec58d-0b48-4346-9d9e-2f4cb6e88264/,04/01/2020,2020-03-27,15000.0
1697,03/27/2020,Spouse,PYPL,"PayPal Holdings, Inc.",Stock,Purchase,"$1,001 - $15,000",--,Thomas R Carper,https://efdsearch.senate.gov/search/view/ptr/6beec58d-0b48-4346-9d9e-2f4cb6e88264/,04/01/2020,2020-03-27,15000.0
1699,03/24/2020,Spouse,VOD,Vodafone Group Plc,Stock,Sale (Full),"$1,001 - $15,000",--,Thomas R Carper,https://efdsearch.senate.gov/search/view/ptr/6beec58d-0b48-4346-9d9e-2f4cb6e88264/,04/01/2020,2020-03-24,15000.0
1700,03/24/2020,Spouse,MPC,Marathon Petroleum Corporation,Stock,Sale (Full),"$1,001 - $15,000",--,Thomas R Carper,https://efdsearch.senate.gov/search/view/ptr/6beec58d-0b48-4346-9d9e-2f4cb6e88264/,04/01/2020,2020-03-24,15000.0
1701,03/24/2020,Spouse,WFC,Wells Fargo &amp; Company,Stock,Sale (Full),"$1,001 - $15,000",--,Thomas R Carper,https://efdsearch.senate.gov/search/view/ptr/6beec58d-0b48-4346-9d9e-2f4cb6e88264/,04/01/2020,2020-03-24,15000.0
1702,03/24/2020,Spouse,CSCO,"Cisco Systems, Inc.",Stock,Purchase,"$1,001 - $15,000",--,Thomas R Carper,https://efdsearch.senate.gov/search/view/ptr/6beec58d-0b48-4346-9d9e-2f4cb6e88264/,04/01/2020,2020-03-24,15000.0
1703,03/24/2020,Spouse,ABBV,AbbVie Inc.,Stock,Purchase,"$1,001 - $15,000",--,Thomas R Carper,https://efdsearch.senate.gov/search/view/ptr/6beec58d-0b48-4346-9d9e-2f4cb6e88264/,04/01/2020,2020-03-24,15000.0
1704,03/24/2020,Spouse,JPM,JPMorgan Chase &amp; Co.,Stock,Purchase,"$1,001 - $15,000",--,Thomas R Carper,https://efdsearch.senate.gov/search/view/ptr/6beec58d-0b48-4346-9d9e-2f4cb6e88264/,04/01/2020,2020-03-24,15000.0
1832,02/22/2020,Spouse,HQL,Tekla Life Sciences Investors,Stock,Purchase,"$1,001 - $15,000",--,Thomas R Carper,https://efdsearch.senate.gov/search/view/ptr/5b18c631-389d-4542-850e-e4b2a5d87aba/,03/03/2020,2020-02-22,15000.0
1833,02/22/2020,Spouse,HQL,Tekla Life Sciences Investors,Stock,Purchase,"$1,001 - $15,000",--,Thomas R Carper,https://efdsearch.senate.gov/search/view/ptr/5b18c631-389d-4542-850e-e4b2a5d87aba/,03/03/2020,2020-02-22,15000.0
1834,02/22/2020,Spouse,BSTZ,BlackRock Science and Technology Trust II,Stock,Sale (Full),"$1,001 - $15,000",--,Thomas R Carper,https://efdsearch.senate.gov/search/view/ptr/5b18c631-389d-4542-850e-e4b2a5d87aba/,03/03/2020,2020-02-22,15000.0
1835,02/22/2020,Spouse,BSTZ,BlackRock Science and Technology Trust II,Stock,Sale (Full),"$1,001 - $15,000",--,Thomas R Carper,https://efdsearch.senate.gov/search/view/ptr/5b18c631-389d-4542-850e-e4b2a5d87aba/,03/03/2020,2020-02-22,15000.0
2066,12/17/2019,Spouse,UAA,"Under Armour, Inc.",Stock,Sale (Full),"$1,001 - $15,000",--,Thomas R Carper,https://efdsearch.senate.gov/search/view/ptr/79a6c9ae-2a6a-4194-86d8-ab66885bdb3b/,01/08/2020,2019-12-17,15000.0
2067,12/17/2019,Spouse,UAA,"Under Armour, Inc.",Stock,Sale (Full),"$1,001 - $15,000",--,Thomas R Carper,https://efdsearch.senate.gov/search/view/ptr/79a6c9ae-2a6a-4194-86d8-ab66885bdb3b/,01/08/2020,2019-12-17,15000.0
2068,12/17/2019,Spouse,BP,BP p.l.c.,Stock,Sale (Full),"$1,001 - $15,000",--,Thomas R Carper,https://efdsearch.senate.gov/search/view/ptr/79a6c9ae-2a6a-4194-86d8-ab66885bdb3b/,01/08/2020,2019-12-17,15000.0
2148,11/04/2019,Spouse,MCD,McDonald's Corporation,Stock,Purchase,"$1,001 - $15,000",--,Thomas R Carper,https://efdsearch.senate.gov/search/view/ptr/e06096a5-0e93-4cb4-b6e0-301a4327ea70/,12/03/2019,2019-11-04,15000.0
2149,11/04/2019,Spouse,RTN,Raytheon Company,Stock,Purchase,"$1,001 - $15,000",--,Thomas R Carper,https://efdsearch.senate.gov/search/view/ptr/e06096a5-0e93-4cb4-b6e0-301a4327ea70/,12/03/2019,2019-11-04,15000.0
2150,11/04/2019,Spouse,MO,"Altria Group, Inc.",Stock,Sale (Full),"$1,001 - $15,000",--,Thomas R Carper,https://efdsearch.senate.gov/search/view/ptr/e06096a5-0e93-4cb4-b6e0-301a4327ea70/,12/03/2019,2019-11-04,15000.0
2151,11/04/2019,Spouse,TSM,Taiwan Semiconductor Manufacturing Company Limited,Stock,Purchase,"$1,001 - $15,000",--,Thomas R Carper,https://efdsearch.senate.gov/search/view/ptr/e06096a5-0e93-4cb4-b6e0-301a4327ea70/,12/03/2019,2019-11-04,15000.0
2152,11/04/2019,Spouse,DRI,"Darden Restaurants, Inc.",Stock,Purchase,"$1,001 - $15,000",--,Thomas R Carper,https://efdsearch.senate.gov/search/view/ptr/e06096a5-0e93-4cb4-b6e0-301a4327ea70/,12/03/2019,2019-11-04,15000.0
2424,07/18/2019,Spouse,CEF,Sprott Physical Gold and Silver Trust,Stock,Purchase,"$1,001 - $15,000",--,Thomas R Carper,https://efdsearch.senate.gov/search/view/ptr/6efff803-798a-4880-90e5-bce15343791a/,08/05/2019,2019-07-18,15000.0
2425,07/18/2019,Spouse,ABB,ABB Ltd,Stock,Sale (Full),"$1,001 - $15,000",--,Thomas R Carper,https://efdsearch.senate.gov/search/view/ptr/6efff803-798a-4880-90e5-bce15343791a/,08/05/2019,2019-07-18,15000.0
2426,07/16/2019,Spouse,SMG,The Scotts Miracle-Gro Company,Stock,Sale (Full),"$1,001 - $15,000",--,Thomas R Carper,https://efdsearch.senate.gov/search/view/ptr/6efff803-798a-4880-90e5-bce15343791a/,08/05/2019,2019-07-16,15000.0
2427,07/16/2019,Spouse,CAG,"Conagra Brands, Inc.",Stock,Purchase,"$1,001 - $15,000",--,Thomas R Carper,https://efdsearch.senate.gov/search/view/ptr/6efff803-798a-4880-90e5-bce15343791a/,08/05/2019,2019-07-16,15000.0
2499,06/26/2019,Spouse,BSTZ,BlackRock Science and Technology Trust II,Stock,Purchase,"$1,001 - $15,000",--,Thomas R Carper,https://efdsearch.senate.gov/search/view/ptr/ad0f386b-5ace-4449-8d52-ca558f10bdc9/,07/03/2019,2019-06-26,15000.0
2500,06/26/2019,Spouse,BSTZ,BlackRock Science and Technology Trust II,Stock,Purchase,"$1,001 - $15,000",--,Thomas R Carper,https://efdsearch.senate.gov/search/view/ptr/ad0f386b-5ace-4449-8d52-ca558f10bdc9/,07/03/2019,2019-06-26,15000.0
2562,05/02/2019,Spouse,VGR,Vector Group Ltd.,Stock,Sale (Full),"$1,001 - $15,000",--,Thomas R Carper,https://efdsearch.senate.gov/search/view/ptr/e6e69f39-5f41-4450-b2d5-e11b2f2b0c67/,06/04/2019,2019-05-02,15000.0
2758,04/17/2019,Spouse,QCOM,QUALCOMM Incorporated,Stock,Sale (Full),"$1,001 - $15,000",--,Thomas R Carper,https://efdsearch.senate.gov/search/view/ptr/ee11f53b-a3b1-4824-a16c-d3a98f090527/,05/01/2019,2019-04-17,15000.0
2759,04/17/2019,Spouse,SWKS,"Skyworks Solutions, Inc.",Stock,Purchase,"$1,001 - $15,000",--,Thomas R Carper,https://efdsearch.senate.gov/search/view/ptr/ee11f53b-a3b1-4824-a16c-d3a98f090527/,05/01/2019,2019-04-17,15000.0
2827,05/01/2018,Spouse,,Hormel Foods,Stock,Sale (Full),"$1,001 - $15,000",--,Thomas R Carper,https://efdsearch.senate.gov/search/view/ptr/61f45eac-be7d-4441-a2c0-1fe36d2cff9b/,04/09/2019,2018-05-01,15000.0
2885,03/20/2019,Spouse,,Quest Diagnostics,Stock,Purchase,"$1,001 - $15,000",--,Thomas R Carper,https://efdsearch.senate.gov/search/view/ptr/e33b0e5c-b70c-446d-aaa7-df227bd59c3e/,04/02/2019,2019-03-20,15000.0
2886,03/20/2019,Spouse,,Fedex Corp,Stock,Sale (Full),"$1,001 - $15,000",--,Thomas R Carper,https://efdsearch.senate.gov/search/view/ptr/e33b0e5c-b70c-446d-aaa7-df227bd59c3e/,04/02/2019,2019-03-20,15000.0
3006,02/25/2019,Spouse,,Cameco Corp,Stock,Sale (Full),"$1,001 - $15,000",--,Thomas R Carper,https://efdsearch.senate.gov/search/view/ptr/7b87f21b-3a74-4ef9-8069-17be2c728a12/,03/04/2019,2019-02-25,15000.0
3007,02/25/2019,Spouse,,BAE Systems PLC Spon ADR,Stock,Sale (Full),"$1,001 - $15,000",--,Thomas R Carper,https://efdsearch.senate.gov/search/view/ptr/7b87f21b-3a74-4ef9-8069-17be2c728a12/,03/04/2019,2019-02-25,15000.0
3008,02/25/2019,Spouse,,Newell Brands Inc,Stock,Sale (Full),"$1,001 - $15,000",--,Thomas R Carper,https://efdsearch.senate.gov/search/view/ptr/7b87f21b-3a74-4ef9-8069-17be2c728a12/,03/04/2019,2019-02-25,15000.0
3009,02/25/2019,Spouse,,Altria Group Inc,Stock,Purchase,"$1,001 - $15,000",--,Thomas R Carper,https://efdsearch.senate.gov/search/view/ptr/7b87f21b-3a74-4ef9-8069-17be2c728a12/,03/04/2019,2019-02-25,15000.0
3017,02/20/2019,Spouse,,First Tr New Opportunity MLP &amp; Energy Fund,Stock,Purchase,"$1,001 - $15,000",--,Thomas R Carper,https://efdsearch.senate.gov/search/view/ptr/7b87f21b-3a74-4ef9-8069-17be2c728a12/,03/04/2019,2019-02-20,15000.0
3106,01/11/2019,Spouse,,Apple Inc,Stock,Purchase,"$1,001 - $15,000",--,Thomas R Carper,https://efdsearch.senate.gov/search/view/ptr/0c92e943-b688-4e49-9f9a-9e52e34b5b7c/,02/01/2019,2019-01-11,15000.0
3239,12/10/2018,Spouse,,Compass Materials,Stock,Sale (Full),"$1,001 - $15,000",--,Thomas R Carper,https://efdsearch.senate.gov/search/view/ptr/deb8df2a-b8ef-4f02-ae44-1f3b7168ccc2/,01/03/2019,2018-12-10,15000.0
3349,11/09/2018,Spouse,,Marathon Petroleum Corp,Stock,Purchase,"$1,001 - $15,000",--,Thomas R Carper,https://efdsearch.senate.gov/search/view/ptr/3fc1418c-5789-4f36-b7f5-2a9c445a756d/,12/04/2018,2018-11-09,15000.0
3350,11/09/2018,Spouse,,Pfizer,Stock,Sale (Full),"$1,001 - $15,000",--,Thomas R Carper,https://efdsearch.senate.gov/search/view/ptr/3fc1418c-5789-4f36-b7f5-2a9c445a756d/,12/04/2018,2018-11-09,15000.0
3351,11/12/2018,Spouse,,Amazon,Stock,Purchase,"$1,001 - $15,000",--,Thomas R Carper,https://efdsearch.senate.gov/search/view/ptr/3fc1418c-5789-4f36-b7f5-2a9c445a756d/,12/04/2018,2018-11-12,15000.0
3352,11/09/2018,Spouse,,Pfizer Inc,Stock,Sale (Full),"$1,001 - $15,000",--,Thomas R Carper,https://efdsearch.senate.gov/search/view/ptr/3fc1418c-5789-4f36-b7f5-2a9c445a756d/,12/04/2018,2018-11-09,15000.0
3353,11/09/2018,Spouse,,Marathon Petroleum Corp,Stock,Purchase,"$1,001 - $15,000",--,Thomas R Carper,https://efdsearch.senate.gov/search/view/ptr/3fc1418c-5789-4f36-b7f5-2a9c445a756d/,12/04/2018,2018-11-09,15000.0
3354,11/02/2018,Spouse,,Amazon,Stock,Purchase,"$1,001 - $15,000",--,Thomas R Carper,https://efdsearch.senate.gov/search/view/ptr/3fc1418c-5789-4f36-b7f5-2a9c445a756d/,12/04/2018,2018-11-02,15000.0
3444,10/29/2018,Spouse,,General Electric,Stock,Sale (Full),"$1,001 - $15,000",--,Thomas R Carper,https://efdsearch.senate.gov/search/view/ptr/ead81d70-af51-4861-839c-10933f246e99/,11/02/2018,2018-10-29,15000.0
3445,10/29/2018,Spouse,,Hexcel Corp,Stock,Sale (Full),"$1,001 - $15,000",--,Thomas R Carper,https://efdsearch.senate.gov/search/view/ptr/ead81d70-af51-4861-839c-10933f246e99/,11/02/2018,2018-10-29,15000.0
3446,10/29/2018,Spouse,,Qualcomm Inc,Stock,Purchase,"$1,001 - $15,000",--,Thomas R Carper,https://efdsearch.senate.gov/search/view/ptr/ead81d70-af51-4861-839c-10933f246e99/,11/02/2018,2018-10-29,15000.0
3447,10/29/2018,Spouse,,Scotts Miracle Grow,Stock,Purchase,"$1,001 - $15,000",--,Thomas R Carper,https://efdsearch.senate.gov/search/view/ptr/ead81d70-af51-4861-839c-10933f246e99/,11/02/2018,2018-10-29,15000.0
3448,10/29/2018,Spouse,,Banco Latinoamerican De Comercio Exterior S.A.,Stock,Sale (Full),"$1,001 - $15,000",--,Thomas R Carper,https://efdsearch.senate.gov/search/view/ptr/ead81d70-af51-4861-839c-10933f246e99/,11/02/2018,2018-10-29,15000.0
3449,10/29/2018,Spouse,,Western Asset inflation Linked Opportunity &amp; Income Fd,Stock,Purchase,"$1,001 - $15,000",--,Thomas R Carper,https://efdsearch.senate.gov/search/view/ptr/ead81d70-af51-4861-839c-10933f246e99/,11/02/2018,2018-10-29,15000.0
3451,10/29/2018,Spouse,,Agilent Technologies,Stock,Sale (Full),"$1,001 - $15,000",--,Thomas R Carper,https://efdsearch.senate.gov/search/view/ptr/ead81d70-af51-4861-839c-10933f246e99/,11/02/2018,2018-10-29,15000.0
3452,10/29/2018,Spouse,,Lazard Global Total Return &amp; Income,Stock,Purchase,"$1,001 - $15,000",--,Thomas R Carper,https://efdsearch.senate.gov/search/view/ptr/ead81d70-af51-4861-839c-10933f246e99/,11/02/2018,2018-10-29,15000.0
3453,10/29/2018,Spouse,,Packaging Corp,Stock,Purchase,"$1,001 - $15,000",--,Thomas R Carper,https://efdsearch.senate.gov/search/view/ptr/ead81d70-af51-4861-839c-10933f246e99/,11/02/2018,2018-10-29,15000.0
3454,10/29/2018,Spouse,,Fedex Corp,Stock,Purchase,"$1,001 - $15,000",--,Thomas R Carper,https://efdsearch.senate.gov/search/view/ptr/ead81d70-af51-4861-839c-10933f246e99/,11/02/2018,2018-10-29,15000.0
3455,10/29/2018,Spouse,,Altria Group,Stock,Sale (Full),"$1,001 - $15,000",--,Thomas R Carper,https://efdsearch.senate.gov/search/view/ptr/ead81d70-af51-4861-839c-10933f246e99/,11/02/2018,2018-10-29,15000.0
3456,10/29/2018,Spouse,,Metlife,Stock,Purchase,"$1,001 - $15,000",--,Thomas R Carper,https://efdsearch.senate.gov/search/view/ptr/ead81d70-af51-4861-839c-10933f246e99/,11/02/2018,2018-10-29,15000.0
3458,10/29/2018,Spouse,,Raytheon,Stock,Purchase,"$1,001 - $15,000",--,Thomas R Carper,https://efdsearch.senate.gov/search/view/ptr/ead81d70-af51-4861-839c-10933f246e99/,11/02/2018,2018-10-29,15000.0
3459,10/29/2018,Spouse,,Mantech Intl,Stock,Sale (Full),"$1,001 - $15,000",--,Thomas R Carper,https://efdsearch.senate.gov/search/view/ptr/ead81d70-af51-4861-839c-10933f246e99/,11/02/2018,2018-10-29,15000.0
3461,10/29/2018,Spouse,,Zoetis Inc Class A,Stock,Sale (Full),"$1,001 - $15,000",--,Thomas R Carper,https://efdsearch.senate.gov/search/view/ptr/ead81d70-af51-4861-839c-10933f246e99/,11/02/2018,2018-10-29,15000.0
3462,10/29/2018,Spouse,,CyrusOne Inc,Stock,Purchase,"$1,001 - $15,000",--,Thomas R Carper,https://efdsearch.senate.gov/search/view/ptr/ead81d70-af51-4861-839c-10933f246e99/,11/02/2018,2018-10-29,15000.0
3463,10/29/2018,Spouse,,Sprott Physical Gold &amp; Silver Tr,Stock,Purchase,"$1,001 - $15,000",--,Thomas R Carper,https://efdsearch.senate.gov/search/view/ptr/ead81d70-af51-4861-839c-10933f246e99/,11/02/2018,2018-10-29,15000.0
3464,10/29/2018,Spouse,,Pentair PLC,Stock,Sale (Full),"$1,001 - $15,000",--,Thomas R Carper,https://efdsearch.senate.gov/search/view/ptr/ead81d70-af51-4861-839c-10933f246e99/,11/02/2018,2018-10-29,15000.0
3466,10/29/2018,Spouse,,Abbvie,Stock,Purchase,"$1,001 - $15,000",--,Thomas R Carper,https://efdsearch.senate.gov/search/view/ptr/ead81d70-af51-4861-839c-10933f246e99/,11/02/2018,2018-10-29,15000.0
3468,10/29/2018,Spouse,,TenCent Holdings Ltd Unsponsored ADR,Stock,Purchase,"$1,001 - $15,000",--,Thomas R Carper,https://efdsearch.senate.gov/search/view/ptr/ead81d70-af51-4861-839c-10933f246e99/,11/02/2018,2018-10-29,15000.0
3469,10/29/2018,Spouse,,Algonquin Power Utils,Stock,Sale (Full),"$1,001 - $15,000",--,Thomas R Carper,https://efdsearch.senate.gov/search/view/ptr/ead81d70-af51-4861-839c-10933f246e99/,11/02/2018,2018-10-29,15000.0
3474,10/29/2018,Spouse,,DowDupont,Stock,Purchase,"$1,001 - $15,000",--,Thomas R Carper,https://efdsearch.senate.gov/search/view/ptr/ead81d70-af51-4861-839c-10933f246e99/,11/02/2018,2018-10-29,15000.0
3475,10/29/2018,Spouse,,Iron Mountain,Stock,Sale (Partial),"$1,001 - $15,000",--,Thomas R Carper,https://efdsearch.senate.gov/search/view/ptr/ead81d70-af51-4861-839c-10933f246e99/,11/02/2018,2018-10-29,15000.0
3476,10/29/2018,Spouse,,Corning Inc,Stock,Sale (Partial),"$1,001 - $15,000",--,Thomas R Carper,https://efdsearch.senate.gov/search/view/ptr/ead81d70-af51-4861-839c-10933f246e99/,11/02/2018,2018-10-29,15000.0
3477,10/29/2018,Spouse,,Fifth Third Bancorp,Stock,Purchase,"$1,001 - $15,000",--,Thomas R Carper,https://efdsearch.senate.gov/search/view/ptr/ead81d70-af51-4861-839c-10933f246e99/,11/02/2018,2018-10-29,15000.0
3478,10/29/2018,Spouse,,Intel Corp,Stock,Sale (Partial),"$1,001 - $15,000",--,Thomas R Carper,https://efdsearch.senate.gov/search/view/ptr/ead81d70-af51-4861-839c-10933f246e99/,11/02/2018,2018-10-29,15000.0
3479,10/29/2018,Spouse,,Tyson Foods,Stock,Purchase,"$1,001 - $15,000",--,Thomas R Carper,https://efdsearch.senate.gov/search/view/ptr/ead81d70-af51-4861-839c-10933f246e99/,11/02/2018,2018-10-29,15000.0
3480,10/26/2018,Spouse,,Amazon,Stock,Purchase,"$1,001 - $15,000",--,Thomas R Carper,https://efdsearch.senate.gov/search/view/ptr/ead81d70-af51-4861-839c-10933f246e99/,11/02/2018,2018-10-26,15000.0
3483,10/22/2018,Spouse,,Amazon,Stock,Purchase,"$1,001 - $15,000",--,Thomas R Carper,https://efdsearch.senate.gov/search/view/ptr/ead81d70-af51-4861-839c-10933f246e99/,11/02/2018,2018-10-22,15000.0
3484,10/12/2018,Spouse,,Amazon,Stock,Purchase,"$1,001 - $15,000",--,Thomas R Carper,https://efdsearch.senate.gov/search/view/ptr/ead81d70-af51-4861-839c-10933f246e99/,11/02/2018,2018-10-12,15000.0
3500,10/05/2018,Spouse,,Raytheon,Stock,Purchase,"$1,001 - $15,000",--,Thomas R Carper,https://efdsearch.senate.gov/search/view/ptr/ead81d70-af51-4861-839c-10933f246e99/,11/02/2018,2018-10-05,15000.0
3533,09/10/2018,Spouse,,Hewlett Packard Enterprises,Stock,Purchase,"$1,001 - $15,000",--,Thomas R Carper,https://efdsearch.senate.gov/search/view/ptr/bb4fab28-8b2b-4fd7-a7f0-3127150d61b8/,10/04/2018,2018-09-10,15000.0
3534,09/10/2018,Spouse,,Analog Devices,Stock,Sale (Full),"$1,001 - $15,000",--,Thomas R Carper,https://efdsearch.senate.gov/search/view/ptr/bb4fab28-8b2b-4fd7-a7f0-3127150d61b8/,10/04/2018,2018-09-10,15000.0
3601,08/17/2018,Spouse,,Sprott Physical Gold and Silver,Stock,Purchase,"$1,001 - $15,000",--,Thomas R Carper,https://efdsearch.senate.gov/search/view/ptr/fe2fa574-9d5d-486d-87e3-30c6628ea080/,09/05/2018,2018-08-17,15000.0
3602,08/13/2018,Spouse,,VF Corp,Stock,Sale (Partial),"$1,001 - $15,000",--,Thomas R Carper,https://efdsearch.senate.gov/search/view/ptr/fe2fa574-9d5d-486d-87e3-30c6628ea080/,09/05/2018,2018-08-13,15000.0
3603,08/07/2018,Spouse,,Abbvie,Stock,Purchase,"$1,001 - $15,000",--,Thomas R Carper,https://efdsearch.senate.gov/search/view/ptr/fe2fa574-9d5d-486d-87e3-30c6628ea080/,09/05/2018,2018-08-07,15000.0
3604,08/07/2018,Spouse,,Owens &amp; Minor,Stock,Sale (Full),"$1,001 - $15,000",--,Thomas R Carper,https://efdsearch.senate.gov/search/view/ptr/fe2fa574-9d5d-486d-87e3-30c6628ea080/,09/05/2018,2018-08-07,15000.0
3671,07/23/2018,Spouse,,Knight-Swift Transportation Holdings,Stock,Purchase,"$1,001 - $15,000",--,Thomas R Carper,https://efdsearch.senate.gov/search/view/ptr/4effd1f7-f8b3-4997-b6ce-08a6628a538d/,08/03/2018,2018-07-23,15000.0
3672,07/23/2018,Spouse,,Danaher Corp,Stock,Sale (Full),"$1,001 - $15,000",--,Thomas R Carper,https://efdsearch.senate.gov/search/view/ptr/4effd1f7-f8b3-4997-b6ce-08a6628a538d/,08/03/2018,2018-07-23,15000.0
3673,07/23/2018,Spouse,,Tellus Corp,Stock,Purchase,"$1,001 - $15,000",--,Thomas R Carper,https://efdsearch.senate.gov/search/view/ptr/4effd1f7-f8b3-4997-b6ce-08a6628a538d/,08/03/2018,2018-07-23,15000.0
3674,07/23/2018,Spouse,,Walt Disney Corp,Stock,Sale (Full),"$1,001 - $15,000",--,Thomas R Carper,https://efdsearch.senate.gov/search/view/ptr/4effd1f7-f8b3-4997-b6ce-08a6628a538d/,08/03/2018,2018-07-23,15000.0
3858,05/24/2018,Spouse,,Nvent Electric,Stock,Sale (Full),"$1,001 - $15,000",Spin off from asset still held (Pentair plc) and then sold.,Thomas R Carper,https://efdsearch.senate.gov/search/view/ptr/735d698e-30c7-4a12-86b3-ba7092f25878/,06/04/2018,2018-05-24,15000.0
3859,05/24/2018,Spouse,,The Scotts Miracle-Gro Group,Stock,Purchase,"$1,001 - $15,000",--,Thomas R Carper,https://efdsearch.senate.gov/search/view/ptr/735d698e-30c7-4a12-86b3-ba7092f25878/,06/04/2018,2018-05-24,15000.0
3871,05/01/2018,Spouse,,National Presto Corp,Stock,Sale (Full),"$1,001 - $15,000",--,Thomas R Carper,https://efdsearch.senate.gov/search/view/ptr/735d698e-30c7-4a12-86b3-ba7092f25878/,06/04/2018,2018-05-01,15000.0
3872,05/01/2018,Spouse,,Harris Corp Delaware,Stock,Sale (Partial),"$1,001 - $15,000",--,Thomas R Carper,https://efdsearch.senate.gov/search/view/ptr/735d698e-30c7-4a12-86b3-ba7092f25878/,06/04/2018,2018-05-01,15000.0
3873,05/01/2018,Spouse,,Iron Mountain,Stock,Purchase,"$1,001 - $15,000",--,Thomas R Carper,https://efdsearch.senate.gov/search/view/ptr/735d698e-30c7-4a12-86b3-ba7092f25878/,06/04/2018,2018-05-01,15000.0
3876,05/01/2018,Spouse,,Newell Corp,Stock,Purchase,"$1,001 - $15,000",--,Thomas R Carper,https://efdsearch.senate.gov/search/view/ptr/735d698e-30c7-4a12-86b3-ba7092f25878/,06/04/2018,2018-05-01,15000.0
3877,05/01/2018,Spouse,,CVS Health,Stock,Purchase,"$1,001 - $15,000",--,Thomas R Carper,https://efdsearch.senate.gov/search/view/ptr/735d698e-30c7-4a12-86b3-ba7092f25878/,06/04/2018,2018-05-01,15000.0
4265,02/27/2018,Spouse,,Seagate Technology,Stock,Sale (Full),"$15,001 - $50,000",--,Thomas R Carper,https://efdsearch.senate.gov/search/view/ptr/c92b1efa-9294-4cc9-b002-c13f5863c0c8/,03/01/2018,2018-02-27,50000.0
4337,01/12/2018,Spouse,,Omega Healthcare Inv,Stock,Purchase,"$1,001 - $15,000",--,Thomas R Carper,https://efdsearch.senate.gov/search/view/ptr/ed21d4dc-d88e-409f-ae96-045dd22642ab/,02/06/2018,2018-01-12,15000.0
4338,01/12/2018,Spouse,,Ares Capital,Stock,Purchase,"$1,001 - $15,000",--,Thomas R Carper,https://efdsearch.senate.gov/search/view/ptr/ed21d4dc-d88e-409f-ae96-045dd22642ab/,02/06/2018,2018-01-12,15000.0
4339,01/12/2018,Spouse,,Western Asset /Claymore Inflation &amp; Opportunity,Stock,Sale (Partial),"$1,001 - $15,000",--,Thomas R Carper,https://efdsearch.senate.gov/search/view/ptr/ed21d4dc-d88e-409f-ae96-045dd22642ab/,02/06/2018,2018-01-12,15000.0
4340,01/12/2018,Spouse,,Owens &amp; Minor,Stock,Purchase,"$1,001 - $15,000",--,Thomas R Carper,https://efdsearch.senate.gov/search/view/ptr/ed21d4dc-d88e-409f-ae96-045dd22642ab/,02/06/2018,2018-01-12,15000.0
4342,01/12/2018,Spouse,,Newell Brands,Stock,Purchase,"$1,001 - $15,000",--,Thomas R Carper,https://efdsearch.senate.gov/search/view/ptr/ed21d4dc-d88e-409f-ae96-045dd22642ab/,02/06/2018,2018-01-12,15000.0
4343,01/12/2018,Spouse,,Axis Capital Holdings,Stock,Sale (Full),"$1,001 - $15,000",--,Thomas R Carper,https://efdsearch.senate.gov/search/view/ptr/ed21d4dc-d88e-409f-ae96-045dd22642ab/,02/06/2018,2018-01-12,15000.0
4345,01/12/2018,Spouse,,Gladstone Corp,Stock,Purchase,"$1,001 - $15,000",--,Thomas R Carper,https://efdsearch.senate.gov/search/view/ptr/ed21d4dc-d88e-409f-ae96-045dd22642ab/,02/06/2018,2018-01-12,15000.0
4346,01/12/2018,Spouse,,CyrusOne,Stock,Purchase,"$1,001 - $15,000",--,Thomas R Carper,https://efdsearch.senate.gov/search/view/ptr/ed21d4dc-d88e-409f-ae96-045dd22642ab/,02/06/2018,2018-01-12,15000.0
4355,01/12/2018,Spouse,,FMC Corp,Stock,Sale (Full),"$1,001 - $15,000",--,Thomas R Carper,https://efdsearch.senate.gov/search/view/ptr/ed21d4dc-d88e-409f-ae96-045dd22642ab/,02/06/2018,2018-01-12,15000.0
4356,01/12/2018,Spouse,,General Electric,Stock,Purchase,"$1,001 - $15,000",--,Thomas R Carper,https://efdsearch.senate.gov/search/view/ptr/ed21d4dc-d88e-409f-ae96-045dd22642ab/,02/06/2018,2018-01-12,15000.0
4357,01/12/2018,Spouse,,Intel Corp,Stock,Purchase,"$1,001 - $15,000",--,Thomas R Carper,https://efdsearch.senate.gov/search/view/ptr/ed21d4dc-d88e-409f-ae96-045dd22642ab/,02/06/2018,2018-01-12,15000.0
4358,01/12/2018,Spouse,,Robert Half Intl,Stock,Sale (Full),"$1,001 - $15,000",--,Thomas R Carper,https://efdsearch.senate.gov/search/view/ptr/ed21d4dc-d88e-409f-ae96-045dd22642ab/,02/06/2018,2018-01-12,15000.0
4447,12/29/2017,Spouse,,Seagate Technology,Stock,Purchase,"$1,001 - $15,000",Purchase occurred when JPM Contingent Autocall on STX matured.,Thomas R Carper,https://efdsearch.senate.gov/search/view/ptr/f41059bd-e6da-40bb-af54-7ba0c0b50a07/,01/05/2018,2017-12-29,15000.0
4448,12/12/2017,Spouse,,Iron Mountain,Stock,Purchase,"$1,001 - $15,000",--,Thomas R Carper,https://efdsearch.senate.gov/search/view/ptr/f41059bd-e6da-40bb-af54-7ba0c0b50a07/,01/05/2018,2017-12-12,15000.0
4815,09/29/2017,Spouse,,Western Asset/Claymore Inflation,Stock,Purchase,"$1,001 - $15,000",--,Thomas R Carper,https://efdsearch.senate.gov/search/view/ptr/691f9cb6-84a2-41c3-b270-63e606869a0d/,10/04/2017,2017-09-29,15000.0
4823,09/29/2017,Spouse,,Compass Minerals,Stock,Purchase,"$1,001 - $15,000",--,Thomas R Carper,https://efdsearch.senate.gov/search/view/ptr/691f9cb6-84a2-41c3-b270-63e606869a0d/,10/04/2017,2017-09-29,15000.0
4824,09/29/2017,Spouse,,Acadian Timber,Stock,Sale (Full),"$15,001 - $50,000",--,Thomas R Carper,https://efdsearch.senate.gov/search/view/ptr/691f9cb6-84a2-41c3-b270-63e606869a0d/,10/04/2017,2017-09-29,50000.0
4827,09/18/2017,Spouse,,Hexcel Corp New,Stock,Purchase,"$1,001 - $15,000",--,Thomas R Carper,https://efdsearch.senate.gov/search/view/ptr/691f9cb6-84a2-41c3-b270-63e606869a0d/,10/04/2017,2017-09-18,15000.0
4828,09/18/2017,Spouse,,Mantech Intl Corp Cl A,Stock,Purchase,"$1,001 - $15,000",--,Thomas R Carper,https://efdsearch.senate.gov/search/view/ptr/691f9cb6-84a2-41c3-b270-63e606869a0d/,10/04/2017,2017-09-18,15000.0
4829,09/18/2017,Spouse,,Orbital ATK,Stock,Sale (Full),"$1,001 - $15,000",--,Thomas R Carper,https://efdsearch.senate.gov/search/view/ptr/691f9cb6-84a2-41c3-b270-63e606869a0d/,10/04/2017,2017-09-18,15000.0
4830,09/07/2017,Spouse,,SPDR Gold Tr Gold Shs,Stock,Purchase,"$1,001 - $15,000",--,Thomas R Carper,https://efdsearch.senate.gov/search/view/ptr/691f9cb6-84a2-41c3-b270-63e606869a0d/,10/04/2017,2017-09-07,15000.0
4831,09/07/2017,Spouse,,Central Fund of Canada,Stock,Purchase,"$1,001 - $15,000",--,Thomas R Carper,https://efdsearch.senate.gov/search/view/ptr/691f9cb6-84a2-41c3-b270-63e606869a0d/,10/04/2017,2017-09-07,15000.0
4917,08/31/2017,Spouse,,Visa Inc,Stock,Purchase,"$1,001 - $15,000",--,Thomas R Carper,https://efdsearch.senate.gov/search/view/ptr/da821a06-fdc4-477e-948c-01a9186d69fa/,09/06/2017,2017-08-31,15000.0
4920,08/31/2017,Spouse,,Total S.A. Sponsored ADR,Stock,Purchase,"$1,001 - $15,000",--,Thomas R Carper,https://efdsearch.senate.gov/search/view/ptr/da821a06-fdc4-477e-948c-01a9186d69fa/,09/06/2017,2017-08-31,15000.0
4921,08/31/2017,Spouse,QCOM,QUALCOMM Incorporated,Stock,Sale (Partial),"$1,001 - $15,000",--,Thomas R Carper,https://efdsearch.senate.gov/search/view/ptr/da821a06-fdc4-477e-948c-01a9186d69fa/,09/06/2017,2017-08-31,15000.0
4922,08/31/2017,Spouse,RMD,ResMed Inc.,Stock,Purchase,"$1,001 - $15,000",--,Thomas R Carper,https://efdsearch.senate.gov/search/view/ptr/da821a06-fdc4-477e-948c-01a9186d69fa/,09/06/2017,2017-08-31,15000.0
4923,08/31/2017,Spouse,,Omega Healthcare Inc Inc,Stock,Sale (Partial),"$1,001 - $15,000",--,Thomas R Carper,https://efdsearch.senate.gov/search/view/ptr/da821a06-fdc4-477e-948c-01a9186d69fa/,09/06/2017,2017-08-31,15000.0
4924,08/31/2017,Spouse,ARCC,Ares Capital Corporation,Stock,Sale (Partial),"$1,001 - $15,000",--,Thomas R Carper,https://efdsearch.senate.gov/search/view/ptr/da821a06-fdc4-477e-948c-01a9186d69fa/,09/06/2017,2017-08-31,15000.0
4925,08/31/2017,Spouse,,BancoLatinomericano De Comericio Exteror S.A.,Stock,Purchase,"$1,001 - $15,000",--,Thomas R Carper,https://efdsearch.senate.gov/search/view/ptr/da821a06-fdc4-477e-948c-01a9186d69fa/,09/06/2017,2017-08-31,15000.0
4926,08/31/2017,Spouse,,BAE Systems PLC Sponsored ADR,Stock,Purchase,"$1,001 - $15,000",--,Thomas R Carper,https://efdsearch.senate.gov/search/view/ptr/da821a06-fdc4-477e-948c-01a9186d69fa/,09/06/2017,2017-08-31,15000.0
4927,08/31/2017,Spouse,,Western Asset/Claymore Inflation Opportunity Income Tr,Stock,Purchase,"$1,001 - $15,000",--,Thomas R Carper,https://efdsearch.senate.gov/search/view/ptr/da821a06-fdc4-477e-948c-01a9186d69fa/,09/06/2017,2017-08-31,15000.0
4928,08/31/2017,Spouse,,Owens &amp; Minor Corp,Stock,Sale (Partial),"$1,001 - $15,000",--,Thomas R Carper,https://efdsearch.senate.gov/search/view/ptr/da821a06-fdc4-477e-948c-01a9186d69fa/,09/06/2017,2017-08-31,15000.0
4929,08/31/2017,Spouse,,Verizon Corp,Stock,Sale (Partial),"$1,001 - $15,000",--,Thomas R Carper,https://efdsearch.senate.gov/search/view/ptr/da821a06-fdc4-477e-948c-01a9186d69fa/,09/06/2017,2017-08-31,15000.0
4931,08/31/2017,Spouse,,Agilent Corp,Stock,Purchase,"$1,001 - $15,000",--,Thomas R Carper,https://efdsearch.senate.gov/search/view/ptr/da821a06-fdc4-477e-948c-01a9186d69fa/,09/06/2017,2017-08-31,15000.0
4932,08/31/2017,Spouse,,Nvidia Corp,Stock,Purchase,"$1,001 - $15,000",--,Thomas R Carper,https://efdsearch.senate.gov/search/view/ptr/da821a06-fdc4-477e-948c-01a9186d69fa/,09/06/2017,2017-08-31,15000.0
4935,08/31/2017,Spouse,,Alexandria Real Estate Equity Inc,Stock,Purchase,"$1,001 - $15,000",--,Thomas R Carper,https://efdsearch.senate.gov/search/view/ptr/da821a06-fdc4-477e-948c-01a9186d69fa/,09/06/2017,2017-08-31,15000.0
4936,08/31/2017,Spouse,NWL,Newell Brands Inc.,Stock,Purchase,"$1,001 - $15,000",--,Thomas R Carper,https://efdsearch.senate.gov/search/view/ptr/da821a06-fdc4-477e-948c-01a9186d69fa/,09/06/2017,2017-08-31,15000.0
4937,08/31/2017,Spouse,,Diageo PLC Sponsored ADR,Stock,Purchase,"$1,001 - $15,000",--,Thomas R Carper,https://efdsearch.senate.gov/search/view/ptr/da821a06-fdc4-477e-948c-01a9186d69fa/,09/06/2017,2017-08-31,15000.0
4938,08/31/2017,Spouse,,Honeywell Intl Inc,Stock,Sale (Partial),"$1,001 - $15,000",--,Thomas R Carper,https://efdsearch.senate.gov/search/view/ptr/da821a06-fdc4-477e-948c-01a9186d69fa/,09/06/2017,2017-08-31,15000.0
4939,08/31/2017,Spouse,,Packaging Corp of America,Stock,Purchase,"$1,001 - $15,000",--,Thomas R Carper,https://efdsearch.senate.gov/search/view/ptr/da821a06-fdc4-477e-948c-01a9186d69fa/,09/06/2017,2017-08-31,15000.0
4940,08/31/2017,Spouse,,Altria Corp,Stock,Sale (Partial),"$1,001 - $15,000",--,Thomas R Carper,https://efdsearch.senate.gov/search/view/ptr/da821a06-fdc4-477e-948c-01a9186d69fa/,09/06/2017,2017-08-31,15000.0
4941,08/31/2017,Spouse,,MetLife Inc,Stock,Purchase,"$1,001 - $15,000",--,Thomas R Carper,https://efdsearch.senate.gov/search/view/ptr/da821a06-fdc4-477e-948c-01a9186d69fa/,09/06/2017,2017-08-31,15000.0
4943,08/31/2017,Spouse,PBA,Pembina Pipeline Corporation,Stock,Purchase,"$1,001 - $15,000",--,Thomas R Carper,https://efdsearch.senate.gov/search/view/ptr/da821a06-fdc4-477e-948c-01a9186d69fa/,09/06/2017,2017-08-31,15000.0
4944,08/31/2017,Spouse,,Axis Capital Holdings Ltd,Stock,Purchase,"$1,001 - $15,000",--,Thomas R Carper,https://efdsearch.senate.gov/search/view/ptr/da821a06-fdc4-477e-948c-01a9186d69fa/,09/06/2017,2017-08-31,15000.0
4945,08/31/2017,Spouse,,Medical Properties Trust Inc,Stock,Sale (Partial),"$1,001 - $15,000",--,Thomas R Carper,https://efdsearch.senate.gov/search/view/ptr/da821a06-fdc4-477e-948c-01a9186d69fa/,09/06/2017,2017-08-31,15000.0
4947,08/31/2017,Spouse,GLAD,Gladstone Capital Corporation,Stock,Purchase,"$1,001 - $15,000",--,Thomas R Carper,https://efdsearch.senate.gov/search/view/ptr/da821a06-fdc4-477e-948c-01a9186d69fa/,09/06/2017,2017-08-31,15000.0
4949,08/31/2017,Spouse,,ETN - Eaton Corporation plc,Stock,Purchase,"$1,001 - $15,000",--,Thomas R Carper,https://efdsearch.senate.gov/search/view/ptr/da821a06-fdc4-477e-948c-01a9186d69fa/,09/06/2017,2017-08-31,15000.0
4950,08/31/2017,Spouse,,Zoetis Corp,Stock,Purchase,"$1,001 - $15,000",--,Thomas R Carper,https://efdsearch.senate.gov/search/view/ptr/da821a06-fdc4-477e-948c-01a9186d69fa/,09/06/2017,2017-08-31,15000.0
4951,08/31/2017,Spouse,,CONE - CyrusOne Inc.,Stock,Purchase,"$1,001 - $15,000",--,Thomas R Carper,https://efdsearch.senate.gov/search/view/ptr/da821a06-fdc4-477e-948c-01a9186d69fa/,09/06/2017,2017-08-31,15000.0
4953,08/31/2017,Spouse,,PNR - Pentair plc,Stock,Purchase,"$1,001 - $15,000",--,Thomas R Carper,https://efdsearch.senate.gov/search/view/ptr/da821a06-fdc4-477e-948c-01a9186d69fa/,09/06/2017,2017-08-31,15000.0
4955,08/31/2017,Spouse,,Western Asset Emerging Markets Fd,Stock,Sale (Full),"$1,001 - $15,000",--,Thomas R Carper,https://efdsearch.senate.gov/search/view/ptr/da821a06-fdc4-477e-948c-01a9186d69fa/,09/06/2017,2017-08-31,15000.0
4956,08/31/2017,Spouse,,Tencent Holdings Ltd Unsponsored ADR,Stock,Purchase,"$1,001 - $15,000",--,Thomas R Carper,https://efdsearch.senate.gov/search/view/ptr/da821a06-fdc4-477e-948c-01a9186d69fa/,09/06/2017,2017-08-31,15000.0
4957,08/31/2017,Spouse,,Algonquin Power Utilities Corp,Stock,Sale (Partial),"$1,001 - $15,000",--,Thomas R Carper,https://efdsearch.senate.gov/search/view/ptr/da821a06-fdc4-477e-948c-01a9186d69fa/,09/06/2017,2017-08-31,15000.0
4959,08/31/2017,Spouse,,Oribtal ATK Inc,Stock,Purchase,"$1,001 - $15,000",--,Thomas R Carper,https://efdsearch.senate.gov/search/view/ptr/da821a06-fdc4-477e-948c-01a9186d69fa/,09/06/2017,2017-08-31,15000.0
4963,08/31/2017,Spouse,,Chubb Corp,Stock,Purchase,"$1,001 - $15,000",--,Thomas R Carper,https://efdsearch.senate.gov/search/view/ptr/da821a06-fdc4-477e-948c-01a9186d69fa/,09/06/2017,2017-08-31,15000.0
4964,08/31/2017,Spouse,,Abbott Labs,Stock,Sale (Partial),"$1,001 - $15,000",--,Thomas R Carper,https://efdsearch.senate.gov/search/view/ptr/da821a06-fdc4-477e-948c-01a9186d69fa/,09/06/2017,2017-08-31,15000.0
4965,08/31/2017,Spouse,,Analog Devices Inc,Stock,Purchase,"$1,001 - $15,000",--,Thomas R Carper,https://efdsearch.senate.gov/search/view/ptr/da821a06-fdc4-477e-948c-01a9186d69fa/,09/06/2017,2017-08-31,15000.0
4966,08/31/2017,Spouse,,AAPL-Apple Inc.,Stock,Sale (Partial),"$1,001 - $15,000",--,Thomas R Carper,https://efdsearch.senate.gov/search/view/ptr/da821a06-fdc4-477e-948c-01a9186d69fa/,09/06/2017,2017-08-31,15000.0
4967,08/31/2017,Spouse,,Bristol Myers Squibb,Stock,Purchase,"$1,001 - $15,000",--,Thomas R Carper,https://efdsearch.senate.gov/search/view/ptr/da821a06-fdc4-477e-948c-01a9186d69fa/,09/06/2017,2017-08-31,15000.0
4968,08/31/2017,Spouse,,"CSCO-Cisco Systems, Inc.",Stock,Sale (Partial),"$1,001 - $15,000",--,Thomas R Carper,https://efdsearch.senate.gov/search/view/ptr/da821a06-fdc4-477e-948c-01a9186d69fa/,09/06/2017,2017-08-31,15000.0
4969,08/31/2017,Spouse,GLW,Corning Incorporated,Stock,Purchase,"$1,001 - $15,000",--,Thomas R Carper,https://efdsearch.senate.gov/search/view/ptr/da821a06-fdc4-477e-948c-01a9186d69fa/,09/06/2017,2017-08-31,15000.0
4970,08/31/2017,Spouse,DHR,Danaher Corporation,Stock,Purchase,"$1,001 - $15,000",--,Thomas R Carper,https://efdsearch.senate.gov/search/view/ptr/da821a06-fdc4-477e-948c-01a9186d69fa/,09/06/2017,2017-08-31,15000.0
4971,08/31/2017,Spouse,,Walt Disney Corp,Stock,Sale (Partial),"$1,001 - $15,000",--,Thomas R Carper,https://efdsearch.senate.gov/search/view/ptr/da821a06-fdc4-477e-948c-01a9186d69fa/,09/06/2017,2017-08-31,15000.0
4972,08/31/2017,Spouse,,FMC Corp New,Stock,Purchase,"$1,001 - $15,000",--,Thomas R Carper,https://efdsearch.senate.gov/search/view/ptr/da821a06-fdc4-477e-948c-01a9186d69fa/,09/06/2017,2017-08-31,15000.0
4973,08/31/2017,Spouse,,GE-General Electric Company,Stock,Sale (Partial),"$1,001 - $15,000",--,Thomas R Carper,https://efdsearch.senate.gov/search/view/ptr/da821a06-fdc4-477e-948c-01a9186d69fa/,09/06/2017,2017-08-31,15000.0
4974,08/31/2017,Spouse,HRS,Harris Corporation,Stock,Purchase,"$1,001 - $15,000",--,Thomas R Carper,https://efdsearch.senate.gov/search/view/ptr/da821a06-fdc4-477e-948c-01a9186d69fa/,09/06/2017,2017-08-31,15000.0
4975,08/31/2017,Spouse,HRL,Hormel Foods Corporation,Stock,Purchase,"$1,001 - $15,000",--,Thomas R Carper,https://efdsearch.senate.gov/search/view/ptr/da821a06-fdc4-477e-948c-01a9186d69fa/,09/06/2017,2017-08-31,15000.0
4976,08/31/2017,Spouse,,INTC-Intel Corporation,Stock,Sale (Partial),"$1,001 - $15,000",--,Thomas R Carper,https://efdsearch.senate.gov/search/view/ptr/da821a06-fdc4-477e-948c-01a9186d69fa/,09/06/2017,2017-08-31,15000.0
4977,08/31/2017,Spouse,,Johnson and Johnson,Stock,Sale (Partial),"$1,001 - $15,000",--,Thomas R Carper,https://efdsearch.senate.gov/search/view/ptr/da821a06-fdc4-477e-948c-01a9186d69fa/,09/06/2017,2017-08-31,15000.0
4978,08/31/2017,Spouse,,MSFT-Microsoft Corporation,Stock,Sale (Partial),"$1,001 - $15,000",--,Thomas R Carper,https://efdsearch.senate.gov/search/view/ptr/da821a06-fdc4-477e-948c-01a9186d69fa/,09/06/2017,2017-08-31,15000.0
4979,08/31/2017,Spouse,NPK,"National Presto Industries, Inc.",Stock,Purchase,"$1,001 - $15,000",--,Thomas R Carper,https://efdsearch.senate.gov/search/view/ptr/da821a06-fdc4-477e-948c-01a9186d69fa/,09/06/2017,2017-08-31,15000.0
4980,08/31/2017,Spouse,,PFE-Pfizer Inc.,Stock,Sale (Partial),"$1,001 - $15,000",--,Thomas R Carper,https://efdsearch.senate.gov/search/view/ptr/da821a06-fdc4-477e-948c-01a9186d69fa/,09/06/2017,2017-08-31,15000.0
4981,08/31/2017,Spouse,,PG-The Procter &amp; Gamble Company,Stock,Sale (Partial),"$1,001 - $15,000",--,Thomas R Carper,https://efdsearch.senate.gov/search/view/ptr/da821a06-fdc4-477e-948c-01a9186d69fa/,09/06/2017,2017-08-31,15000.0
4982,08/31/2017,Spouse,RHI,Robert Half International Inc.,Stock,Purchase,"$1,001 - $15,000",--,Thomas R Carper,https://efdsearch.senate.gov/search/view/ptr/da821a06-fdc4-477e-948c-01a9186d69fa/,09/06/2017,2017-08-31,15000.0
4983,08/31/2017,Spouse,TMO,Thermo Fisher Scientific Inc.,Stock,Purchase,"$1,001 - $15,000",--,Thomas R Carper,https://efdsearch.senate.gov/search/view/ptr/da821a06-fdc4-477e-948c-01a9186d69fa/,09/06/2017,2017-08-31,15000.0
5210,06/28/2017,Spouse,QCOM,QUALCOMM Incorporated,Stock,Purchase,"$1,001 - $15,000",--,Thomas R Carper,https://efdsearch.senate.gov/search/view/ptr/ce8a5fa4-2dab-450b-91fc-22b029d095a3/,07/03/2017,2017-06-28,15000.0
5211,06/28/2017,Spouse,,Central Fund of Canada,Stock,Purchase,"$1,001 - $15,000",--,Thomas R Carper,https://efdsearch.senate.gov/search/view/ptr/ce8a5fa4-2dab-450b-91fc-22b029d095a3/,07/03/2017,2017-06-28,15000.0
5493,03/27/2017,Spouse,,Dominion Resources,Stock,Sale (Full),"$15,001 - $50,000",--,Thomas R Carper,https://efdsearch.senate.gov/search/view/ptr/cbd79d25-2808-4715-83c5-8b11f166076e/,04/03/2017,2017-03-27,50000.0
5495,03/22/2017,Spouse,,Under Armour,Stock,Purchase,"$1,001 - $15,000",--,Thomas R Carper,https://efdsearch.senate.gov/search/view/ptr/cbd79d25-2808-4715-83c5-8b11f166076e/,04/03/2017,2017-03-22,15000.0
5496,03/21/2017,Spouse,,Weight Watchers Intl Inc,Stock,Sale (Full),"$1,001 - $15,000",--,Thomas R Carper,https://efdsearch.senate.gov/search/view/ptr/cbd79d25-2808-4715-83c5-8b11f166076e/,04/03/2017,2017-03-21,15000.0
5497,03/21/2017,Spouse,,KKR &amp; Co LP,Stock,Sale (Full),"$1,001 - $15,000",--,Thomas R Carper,https://efdsearch.senate.gov/search/view/ptr/cbd79d25-2808-4715-83c5-8b11f166076e/,04/03/2017,2017-03-21,15000.0
5498,03/21/2017,Spouse,,PDL Biopharma,Stock,Sale (Full),"$1,001 - $15,000",--,Thomas R Carper,https://efdsearch.senate.gov/search/view/ptr/cbd79d25-2808-4715-83c5-8b11f166076e/,04/03/2017,2017-03-21,15000.0
5499,03/21/2017,Spouse,,Shaw Communications,Stock,Sale (Full),"$1,001 - $15,000",--,Thomas R Carper,https://efdsearch.senate.gov/search/view/ptr/cbd79d25-2808-4715-83c5-8b11f166076e/,04/03/2017,2017-03-21,15000.0
5500,03/21/2017,Spouse,,Southern Company,Stock,Sale (Full),"$1,001 - $15,000",--,Thomas R Carper,https://efdsearch.senate.gov/search/view/ptr/cbd79d25-2808-4715-83c5-8b11f166076e/,04/03/2017,2017-03-21,15000.0
5501,03/21/2017,Spouse,TSN,"Tyson Foods, Inc.",Stock,Sale (Full),"$1,001 - $15,000",--,Thomas R Carper,https://efdsearch.senate.gov/search/view/ptr/cbd79d25-2808-4715-83c5-8b11f166076e/,04/03/2017,2017-03-21,15000.0
5662,02/28/2017,Self,,SE - Spectra Energy Corp,Stock,Exchange,"$15,001 - $50,000",Spectra Energy Corp exchanged for Enbridge Inc,Thomas R Carper,https://efdsearch.senate.gov/search/view/ptr/1c67a189-fb8a-42ed-a265-91ebaf4af2e3/,03/03/2017,2017-02-28,50000.0
5663,02/28/2017,Self,,Enbridge Inc,Stock,Exchange,"$15,001 - $50,000",Spectra Energy Corp exchanged for Enbridge Inc,Thomas R Carper,https://efdsearch.senate.gov/search/view/ptr/1c67a189-fb8a-42ed-a265-91ebaf4af2e3/,03/03/2017,2017-02-28,50000.0
5664,02/10/2017,Spouse,,Preospect Capital Group,Stock,Sale (Full),"$1,001 - $15,000",--,Thomas R Carper,https://efdsearch.senate.gov/search/view/ptr/1c67a189-fb8a-42ed-a265-91ebaf4af2e3/,03/03/2017,2017-02-10,15000.0
5750,01/23/2017,Spouse,,Pfizer Inc,Stock,Purchase,"$1,001 - $15,000",--,Thomas R Carper,https://efdsearch.senate.gov/search/view/ptr/76d3f15b-9256-46b5-b1ee-244c63152f16/,02/06/2017,2017-01-23,15000.0
5751,01/23/2017,Spouse,,Pfizer Inc,Stock,Purchase,"$1,001 - $15,000",--,Thomas R Carper,https://efdsearch.senate.gov/search/view/ptr/76d3f15b-9256-46b5-b1ee-244c63152f16/,02/06/2017,2017-01-23,15000.0
5752,01/17/2017,Spouse,,Vector Group Ltd.,Stock,Purchase,"$1,001 - $15,000",--,Thomas R Carper,https://efdsearch.senate.gov/search/view/ptr/76d3f15b-9256-46b5-b1ee-244c63152f16/,02/06/2017,2017-01-17,15000.0
5753,01/17/2017,Spouse,,Reynolds American Inc.,Stock,Sale (Full),"$1,001 - $15,000",--,Thomas R Carper,https://efdsearch.senate.gov/search/view/ptr/76d3f15b-9256-46b5-b1ee-244c63152f16/,02/06/2017,2017-01-17,15000.0
5826,12/16/2016,Spouse,,Pembina Pipeline Corp,Stock,Purchase,"$1,001 - $15,000",--,Thomas R Carper,https://efdsearch.senate.gov/search/view/ptr/5608a629-e412-4ab9-bb37-f55b003dd6ed/,01/03/2017,2016-12-16,15000.0
5827,12/16/2016,Spouse,,Veresen Inc,Stock,Sale (Full),"$1,001 - $15,000",--,Thomas R Carper,https://efdsearch.senate.gov/search/view/ptr/5608a629-e412-4ab9-bb37-f55b003dd6ed/,01/03/2017,2016-12-16,15000.0
5828,12/16/2016,Spouse,,Clearbridge Energy MLP Fund,Stock,Purchase,"$1,001 - $15,000",--,Thomas R Carper,https://efdsearch.senate.gov/search/view/ptr/5608a629-e412-4ab9-bb37-f55b003dd6ed/,01/03/2017,2016-12-16,15000.0
5829,12/16/2016,Spouse,,ClearBridge American Energy MLP Fund Inc.,Stock,Sale (Full),"$1,001 - $15,000",--,Thomas R Carper,https://efdsearch.senate.gov/search/view/ptr/5608a629-e412-4ab9-bb37-f55b003dd6ed/,01/03/2017,2016-12-16,15000.0
5830,12/16/2016,Spouse,,Lincoln National Corporation,Stock,Sale (Partial),"$15,001 - $50,000",--,Thomas R Carper,https://efdsearch.senate.gov/search/view/ptr/5608a629-e412-4ab9-bb37-f55b003dd6ed/,01/03/2017,2016-12-16,50000.0
5831,12/15/2016,Spouse,,MetLife Inc,Stock,Sale (Partial),"$15,001 - $50,000",--,Thomas R Carper,https://efdsearch.senate.gov/search/view/ptr/5608a629-e412-4ab9-bb37-f55b003dd6ed/,01/03/2017,2016-12-15,50000.0
5957,11/17/2016,Spouse,RAI,Reynolds American Inc.,Stock,Purchase,"$1,001 - $15,000",--,Thomas R Carper,https://efdsearch.senate.gov/search/view/ptr/071a80e8-aac3-44cb-bd6e-7a7ad9f5f7b5/,12/01/2016,2016-11-17,15000.0
5958,11/17/2016,Spouse,,Philip Morris Intl,Stock,Sale (Full),"$1,001 - $15,000",--,Thomas R Carper,https://efdsearch.senate.gov/search/view/ptr/071a80e8-aac3-44cb-bd6e-7a7ad9f5f7b5/,12/01/2016,2016-11-17,15000.0
5959,11/14/2016,Spouse,,Central Fund of Canada Ltd A,Stock,Purchase,"$1,001 - $15,000",--,Thomas R Carper,https://efdsearch.senate.gov/search/view/ptr/071a80e8-aac3-44cb-bd6e-7a7ad9f5f7b5/,12/01/2016,2016-11-14,15000.0
5960,11/14/2016,Spouse,SCCO,Southern Copper Corporation,Stock,Sale (Full),"$1,001 - $15,000",--,Thomas R Carper,https://efdsearch.senate.gov/search/view/ptr/071a80e8-aac3-44cb-bd6e-7a7ad9f5f7b5/,12/01/2016,2016-11-14,15000.0
5975,11/08/2016,Spouse,ASIX,AdvanSix Inc.,Stock,Sale (Full),"$1,001 - $15,000",--,Thomas R Carper,https://efdsearch.senate.gov/search/view/ptr/071a80e8-aac3-44cb-bd6e-7a7ad9f5f7b5/,12/01/2016,2016-11-08,15000.0
6050,10/11/2016,Spouse,,Alcoa Inc Pfd Cl B,Stock,Sale (Full),"$1,001 - $15,000",--,Thomas R Carper,https://efdsearch.senate.gov/search/view/ptr/11ef2ae5-ee16-4226-9c53-3d5acad5a8c7/,11/01/2016,2016-10-11,15000.0
6087,09/26/2016,Spouse,,Owens &amp; Minor Inc,Stock,Purchase,"$1,001 - $15,000",--,Thomas R Carper,https://efdsearch.senate.gov/search/view/ptr/7f30d730-a4ad-419b-aed3-e8d008b1e39b/,10/04/2016,2016-09-26,15000.0
6088,09/26/2016,Spouse,MDT,Medtronic plc,Stock,Sale (Full),"$1,001 - $15,000",--,Thomas R Carper,https://efdsearch.senate.gov/search/view/ptr/7f30d730-a4ad-419b-aed3-e8d008b1e39b/,10/04/2016,2016-09-26,15000.0
6090,09/08/2016,Spouse,,Spectra Energy,Stock,Sale (Full),"$1,001 - $15,000",--,Thomas R Carper,https://efdsearch.senate.gov/search/view/ptr/7f30d730-a4ad-419b-aed3-e8d008b1e39b/,10/04/2016,2016-09-08,15000.0
6141,08/26/2016,Spouse,,Calamos Asset Mgmt Cl A,Stock,Sale (Full),"$1,001 - $15,000",--,Thomas R Carper,https://efdsearch.senate.gov/search/view/ptr/342b1bd1-97e7-4edd-ae16-33b8c66aa9ae/,09/01/2016,2016-08-26,15000.0
6142,08/26/2016,Spouse,,Convergys,Stock,Sale (Full),"$1,001 - $15,000",--,Thomas R Carper,https://efdsearch.senate.gov/search/view/ptr/342b1bd1-97e7-4edd-ae16-33b8c66aa9ae/,09/01/2016,2016-08-26,15000.0
6243,07/14/2016,Spouse,,Under Armour Class A,Stock,Sale (Partial),"$1,001 - $15,000",--,Thomas R Carper,https://efdsearch.senate.gov/search/view/ptr/cae9ddff-8b81-4f6c-b9ff-59cb075f01d4/,08/01/2016,2016-07-14,15000.0
6244,07/14/2016,Spouse,,PDL Biopharma Inc,Stock,Sale (Full),"$1,001 - $15,000",--,Thomas R Carper,https://efdsearch.senate.gov/search/view/ptr/cae9ddff-8b81-4f6c-b9ff-59cb075f01d4/,08/01/2016,2016-07-14,15000.0
6245,07/14/2016,Spouse,,Testainer Group Holdings,Stock,Sale (Full),"$1,001 - $15,000",--,Thomas R Carper,https://efdsearch.senate.gov/search/view/ptr/cae9ddff-8b81-4f6c-b9ff-59cb075f01d4/,08/01/2016,2016-07-14,15000.0
6246,07/14/2016,Spouse,,Under Armour Class C,Stock,Sale (Partial),"$1,001 - $15,000",--,Thomas R Carper,https://efdsearch.senate.gov/search/view/ptr/cae9ddff-8b81-4f6c-b9ff-59cb075f01d4/,08/01/2016,2016-07-14,15000.0
6247,07/14/2016,Spouse,,Dupont,Stock,Sale (Partial),"$50,001 - $100,000",--,Thomas R Carper,https://efdsearch.senate.gov/search/view/ptr/cae9ddff-8b81-4f6c-b9ff-59cb075f01d4/,08/01/2016,2016-07-14,100000.0
6322,06/24/2016,Spouse,AEE,Ameren Corporation,Stock,Sale (Full),"$1,001 - $15,000",--,Thomas R Carper,https://efdsearch.senate.gov/search/view/ptr/b9ee7d2d-3753-48bb-ab16-5404f44eefd2/,07/01/2016,2016-06-24,15000.0
6327,06/24/2016,Spouse,,Welltower Inc,Stock,Purchase,"$1,001 - $15,000",--,Thomas R Carper,https://efdsearch.senate.gov/search/view/ptr/b9ee7d2d-3753-48bb-ab16-5404f44eefd2/,07/01/2016,2016-06-24,15000.0
6328,06/23/2016,Spouse,,Baxter Intl,Stock,Sale (Full),"$1,001 - $15,000",--,Thomas R Carper,https://efdsearch.senate.gov/search/view/ptr/b9ee7d2d-3753-48bb-ab16-5404f44eefd2/,07/01/2016,2016-06-23,15000.0
6329,06/07/2016,Spouse,WTR,Aqua America Inc.,Stock,Sale (Full),"$1,001 - $15,000",--,Thomas R Carper,https://efdsearch.senate.gov/search/view/ptr/b9ee7d2d-3753-48bb-ab16-5404f44eefd2/,07/01/2016,2016-06-07,15000.0
6365,05/12/2016,Spouse,,Hannon Armstrong Sustainable Infrastructure,Stock,Purchase,"$1,001 - $15,000",--,Thomas R Carper,https://efdsearch.senate.gov/search/view/ptr/079240a6-19aa-42c2-b5e9-8bf5d14ab0ca/,06/01/2016,2016-05-12,15000.0
6366,05/12/2016,Spouse,,Universal Health Realty Inc Tr,Stock,Sale (Full),"$1,001 - $15,000",--,Thomas R Carper,https://efdsearch.senate.gov/search/view/ptr/079240a6-19aa-42c2-b5e9-8bf5d14ab0ca/,06/01/2016,2016-05-12,15000.0
6510,03/31/2016,Spouse,SE,Spectra Energy Corp.,Stock,Purchase,"$1,001 - $15,000",--,Thomas R Carper,https://efdsearch.senate.gov/search/view/ptr/89bb8577-2e2e-44be-99d3-db1a49960b2c/,04/05/2016,2016-03-31,15000.0
6511,03/31/2016,Spouse,,New Jersey Resources,Stock,Sale (Full),"$1,001 - $15,000",--,Thomas R Carper,https://efdsearch.senate.gov/search/view/ptr/89bb8577-2e2e-44be-99d3-db1a49960b2c/,04/05/2016,2016-03-31,15000.0
6567,02/16/2016,Spouse,ADT.F,ADT CORPORATION,Stock,Sale (Full),"$1,001 - $15,000",--,Thomas R Carper,https://efdsearch.senate.gov/search/view/ptr/75e51247-1b2c-409f-a73a-53a663bf2044/,03/03/2016,2016-02-16,15000.0
6568,02/11/2016,Spouse,,Boeing Co,Stock,Purchase,"$1,001 - $15,000",--,Thomas R Carper,https://efdsearch.senate.gov/search/view/ptr/75e51247-1b2c-409f-a73a-53a663bf2044/,03/03/2016,2016-02-11,15000.0
6569,02/02/2016,Spouse,,Met Life Inc,Stock,Purchase,"$15,001 - $50,000",--,Thomas R Carper,https://efdsearch.senate.gov/search/view/ptr/75e51247-1b2c-409f-a73a-53a663bf2044/,03/03/2016,2016-02-02,50000.0
6680,01/27/2016,Spouse,,Walt Disney Co Hldg,Stock,Purchase,"$1,001 - $15,000",--,Thomas R Carper,https://efdsearch.senate.gov/search/view/ptr/4664aeee-9dd2-4135-a4f7-b2ecdc786f48/,02/02/2016,2016-01-27,15000.0
6681,01/27/2016,Spouse,,Boeing Co,Stock,Purchase,"$1,001 - $15,000",--,Thomas R Carper,https://efdsearch.senate.gov/search/view/ptr/4664aeee-9dd2-4135-a4f7-b2ecdc786f48/,02/02/2016,2016-01-27,15000.0
6682,01/21/2016,Spouse,,Lincoln Naitonal Corp,Stock,Sale (Partial),"$15,001 - $50,000",--,Thomas R Carper,https://efdsearch.senate.gov/search/view/ptr/4664aeee-9dd2-4135-a4f7-b2ecdc786f48/,02/02/2016,2016-01-21,50000.0
6683,01/29/2016,Spouse,,Tyco Intl PLC,Stock,Sale (Full),"$1,001 - $15,000",--,Thomas R Carper,https://efdsearch.senate.gov/search/view/ptr/4664aeee-9dd2-4135-a4f7-b2ecdc786f48/,02/02/2016,2016-01-29,15000.0
6684,01/25/2016,Spouse,,E I Dupont de Nemours,Stock,Purchase,"$1,001 - $15,000",--,Thomas R Carper,https://efdsearch.senate.gov/search/view/ptr/4664aeee-9dd2-4135-a4f7-b2ecdc786f48/,02/02/2016,2016-01-25,15000.0
6685,01/25/2016,Spouse,,Under Armour Inc Cl A,Stock,Purchase,"$1,001 - $15,000",--,Thomas R Carper,https://efdsearch.senate.gov/search/view/ptr/4664aeee-9dd2-4135-a4f7-b2ecdc786f48/,02/02/2016,2016-01-25,15000.0
6686,01/25/2016,Spouse,,Verizon Communications,Stock,Purchase,"$1,001 - $15,000",--,Thomas R Carper,https://efdsearch.senate.gov/search/view/ptr/4664aeee-9dd2-4135-a4f7-b2ecdc786f48/,02/02/2016,2016-01-25,15000.0
6687,01/21/2016,Spouse,,Cisco Company,Stock,Purchase,"$1,001 - $15,000",--,Thomas R Carper,https://efdsearch.senate.gov/search/view/ptr/4664aeee-9dd2-4135-a4f7-b2ecdc786f48/,02/02/2016,2016-01-21,15000.0
6688,01/21/2016,Spouse,,3M Company,Stock,Sale (Full),"$1,001 - $15,000",--,Thomas R Carper,https://efdsearch.senate.gov/search/view/ptr/4664aeee-9dd2-4135-a4f7-b2ecdc786f48/,02/02/2016,2016-01-21,15000.0
6689,01/21/2016,Spouse,,Ameren Corp,Stock,Purchase,"$1,001 - $15,000",--,Thomas R Carper,https://efdsearch.senate.gov/search/view/ptr/4664aeee-9dd2-4135-a4f7-b2ecdc786f48/,02/02/2016,2016-01-21,15000.0
6690,01/21/2016,Spouse,,Enersis S.A. Amer Dep shrs,Stock,Sale (Full),"$1,001 - $15,000",--,Thomas R Carper,https://efdsearch.senate.gov/search/view/ptr/4664aeee-9dd2-4135-a4f7-b2ecdc786f48/,02/02/2016,2016-01-21,15000.0
6691,01/15/2016,Spouse,,E I Dupont de Nemours,Stock,Purchase,"$1,001 - $15,000",--,Thomas R Carper,https://efdsearch.senate.gov/search/view/ptr/4664aeee-9dd2-4135-a4f7-b2ecdc786f48/,02/02/2016,2016-01-15,15000.0
6692,01/21/2016,Spouse,,Clearbridge American Energy MLP Fund,Stock,Sale (Full),"$1,001 - $15,000",--,Thomas R Carper,https://efdsearch.senate.gov/search/view/ptr/4664aeee-9dd2-4135-a4f7-b2ecdc786f48/,02/02/2016,2016-01-21,15000.0
6693,01/21/2016,Spouse,,Blackrock Global Opportunity Equity Tr,Stock,Sale (Full),"$1,001 - $15,000",--,Thomas R Carper,https://efdsearch.senate.gov/search/view/ptr/4664aeee-9dd2-4135-a4f7-b2ecdc786f48/,02/02/2016,2016-01-21,15000.0
6694,01/21/2016,Spouse,,Dominion Resources,Stock,Purchase,"$1,001 - $15,000",--,Thomas R Carper,https://efdsearch.senate.gov/search/view/ptr/4664aeee-9dd2-4135-a4f7-b2ecdc786f48/,02/02/2016,2016-01-21,15000.0
6695,01/21/2016,Spouse,,Blackrock Res &amp; Comm Strat Tr,Stock,Sale (Full),"$1,001 - $15,000",--,Thomas R Carper,https://efdsearch.senate.gov/search/view/ptr/4664aeee-9dd2-4135-a4f7-b2ecdc786f48/,02/02/2016,2016-01-21,15000.0
6696,01/11/2016,Spouse,,Northern Tier Energy LP,Stock,Sale (Full),"$1,001 - $15,000",--,Thomas R Carper,https://efdsearch.senate.gov/search/view/ptr/4664aeee-9dd2-4135-a4f7-b2ecdc786f48/,02/02/2016,2016-01-11,15000.0
6812,12/23/2015,Spouse,,Weight Watchers Intl Inc,Stock,Purchase,"$1,001 - $15,000",--,Thomas R Carper,https://efdsearch.senate.gov/search/view/ptr/8f85025d-dcff-4a61-9db5-a0621572cafc/,01/07/2016,2015-12-23,15000.0
6813,12/08/2015,Spouse,,Weight Watchers Intl Inc,Stock,Purchase,"$1,001 - $15,000",--,Thomas R Carper,https://efdsearch.senate.gov/search/view/ptr/8f85025d-dcff-4a61-9db5-a0621572cafc/,01/07/2016,2015-12-08,15000.0
6814,12/01/2015,Spouse,,Under Armour Inc Cl A,Stock,Purchase,"$1,001 - $15,000",--,Thomas R Carper,https://efdsearch.senate.gov/search/view/ptr/8f85025d-dcff-4a61-9db5-a0621572cafc/,01/07/2016,2015-12-01,15000.0
6932,11/18/2015,Spouse,,Conagra Foods Inc,Stock,Sale (Full),"$1,001 - $15,000",--,Thomas R Carper,https://efdsearch.senate.gov/search/view/ptr/4fa4bc96-c2ae-4dfd-8af1-872ecc64a0ba/,12/01/2015,2015-11-18,15000.0
6933,11/18/2015,Spouse,,Tyson Foods Inc Cl A,Stock,Purchase,"$1,001 - $15,000",--,Thomas R Carper,https://efdsearch.senate.gov/search/view/ptr/4fa4bc96-c2ae-4dfd-8af1-872ecc64a0ba/,12/01/2015,2015-11-18,15000.0
6934,11/04/2015,Spouse,,New Jersey Resources Cp,Stock,Purchase,"$1,001 - $15,000",--,Thomas R Carper,https://efdsearch.senate.gov/search/view/ptr/4fa4bc96-c2ae-4dfd-8af1-872ecc64a0ba/,12/01/2015,2015-11-04,15000.0
6935,11/04/2015,Spouse,,Northwest Natural Gas Co,Stock,Sale (Full),"$1,001 - $15,000",--,Thomas R Carper,https://efdsearch.senate.gov/search/view/ptr/4fa4bc96-c2ae-4dfd-8af1-872ecc64a0ba/,12/01/2015,2015-11-04,15000.0
7028,10/06/2015,Spouse,,DuPont EI de Nemours &amp; Co.,Stock,Sale (Partial),"$1,001 - $15,000",--,Thomas R Carper,https://efdsearch.senate.gov/search/view/ptr/5e467ac8-d0e3-4d4c-836f-e7f3dc3639c1/,11/13/2015,2015-10-06,15000.0
7162,09/11/2015,Spouse,,DuPont EI de Nemours &amp; Co,Stock,Purchase,"$15,001 - $50,000",--,Thomas R Carper,https://efdsearch.senate.gov/search/view/ptr/b7b47a67-051c-4a4f-99de-1b6e60b517bb/,10/02/2015,2015-09-11,50000.0
7163,09/17/2015,Spouse,,Under Armour Inc Cl A,Stock,Purchase,"$1,001 - $15,000",--,Thomas R Carper,https://efdsearch.senate.gov/search/view/ptr/b7b47a67-051c-4a4f-99de-1b6e60b517bb/,10/02/2015,2015-09-17,15000.0
7164,09/17/2015,Spouse,,Johnson &amp; Johnson,Stock,Purchase,"$1,001 - $15,000",--,Thomas R Carper,https://efdsearch.senate.gov/search/view/ptr/b7b47a67-051c-4a4f-99de-1b6e60b517bb/,10/02/2015,2015-09-17,15000.0
7165,09/17/2015,Spouse,,Procter &amp; Gamble,Stock,Purchase,"$1,001 - $15,000",--,Thomas R Carper,https://efdsearch.senate.gov/search/view/ptr/b7b47a67-051c-4a4f-99de-1b6e60b517bb/,10/02/2015,2015-09-17,15000.0
7166,09/17/2015,Spouse,,DuPont EI de Nemours &amp; Co,Stock,Purchase,"$1,001 - $15,000",--,Thomas R Carper,https://efdsearch.senate.gov/search/view/ptr/b7b47a67-051c-4a4f-99de-1b6e60b517bb/,10/02/2015,2015-09-17,15000.0
7167,09/17/2015,Spouse,,Procter &amp; Gamble,Stock,Purchase,"$1,001 - $15,000",--,Thomas R Carper,https://efdsearch.senate.gov/search/view/ptr/b7b47a67-051c-4a4f-99de-1b6e60b517bb/,10/02/2015,2015-09-17,15000.0
7168,09/17/2015,Spouse,,General Electric Co,Stock,Purchase,"$1,001 - $15,000",--,Thomas R Carper,https://efdsearch.senate.gov/search/view/ptr/b7b47a67-051c-4a4f-99de-1b6e60b517bb/,10/02/2015,2015-09-17,15000.0
7169,09/17/2015,Spouse,,Tyco Intl Plc,Stock,Purchase,"$1,001 - $15,000",--,Thomas R Carper,https://efdsearch.senate.gov/search/view/ptr/b7b47a67-051c-4a4f-99de-1b6e60b517bb/,10/02/2015,2015-09-17,15000.0
7170,09/17/2015,Spouse,,SPDR Euro Stoxx 50 ETF,Stock,Purchase,"$1,001 - $15,000",--,Thomas R Carper,https://efdsearch.senate.gov/search/view/ptr/b7b47a67-051c-4a4f-99de-1b6e60b517bb/,10/02/2015,2015-09-17,15000.0
7171,09/17/2015,Spouse,,Bank of America,Stock,Purchase,"$1,001 - $15,000",--,Thomas R Carper,https://efdsearch.senate.gov/search/view/ptr/b7b47a67-051c-4a4f-99de-1b6e60b517bb/,10/02/2015,2015-09-17,15000.0
7172,09/17/2015,Spouse,,Walt Disney &amp; Co Hldg Co,Stock,Purchase,"$1,001 - $15,000",--,Thomas R Carper,https://efdsearch.senate.gov/search/view/ptr/b7b47a67-051c-4a4f-99de-1b6e60b517bb/,10/02/2015,2015-09-17,15000.0
7173,09/17/2015,Spouse,,JP Morgan Chase &amp; Co.,Stock,Purchase,"$1,001 - $15,000",--,Thomas R Carper,https://efdsearch.senate.gov/search/view/ptr/b7b47a67-051c-4a4f-99de-1b6e60b517bb/,10/02/2015,2015-09-17,15000.0
7174,09/17/2015,Spouse,,Verizon Communications,Stock,Purchase,"$1,001 - $15,000",--,Thomas R Carper,https://efdsearch.senate.gov/search/view/ptr/b7b47a67-051c-4a4f-99de-1b6e60b517bb/,10/02/2015,2015-09-17,15000.0
7175,09/17/2015,Spouse,,SPDR Trust Series 1,Stock,Purchase,"$15,001 - $50,000",--,Thomas R Carper,https://efdsearch.senate.gov/search/view/ptr/b7b47a67-051c-4a4f-99de-1b6e60b517bb/,10/02/2015,2015-09-17,50000.0
